2025-11-05 09:27:08,502 - root - INFO - Sistema de logging configurado correctamente.
2025-11-05 09:27:14,033 - app.db_operations - INFO - Se encontraron 4 estrategias activas para '0020ACSA'.
2025-11-05 09:27:14,043 - app.db_operations - INFO - Aplicando orden por defecto (columna 1)
2025-11-05 09:27:14,044 - app.db_operations - INFO - Ejecutando consulta (paginada) con params: {}
2025-11-05 09:27:16,358 - app.db_operations - INFO - Cargando datos de la estrategia ID: 37
2025-11-05 09:27:16,565 - app.db_operations - ERROR - Error al CONTAR datos para '0020ACSA': Neither 'Cast' object nor 'Comparator' object has an attribute 'text'
Traceback (most recent call last):
  File "C:\NETPAG\DesarrolloOrganizado\nueva-intra\backend\venv\Lib\site-packages\sqlalchemy\sql\elements.py", line 1517, in __getattr__
    return getattr(self.comparator, key)
AttributeError: 'Comparator' object has no attribute 'text'

The above exception was the direct cause of the following exception:

Traceback (most recent call last):
  File "C:\NETPAG\DesarrolloOrganizado\nueva-intra\backend\app\db_operations.py", line 258, in contar_datos_cliente
    sql_filters, params = construir_where_dinamico(filtros)
                          ~~~~~~~~~~~~~~~~~~~~~~~~^^^^^^^^^
  File "C:\NETPAG\DesarrolloOrganizado\nueva-intra\backend\app\db_operations.py", line 184, in construir_where_dinamico
    sql_filters.append(text(f"({sql_expr.text}) >= :{param_name}"))
                                ^^^^^^^^^^^^^
  File "C:\NETPAG\DesarrolloOrganizado\nueva-intra\backend\venv\Lib\site-packages\sqlalchemy\sql\elements.py", line 1519, in __getattr__
    raise AttributeError(
    ...<6 lines>...
    ) from err
AttributeError: Neither 'Cast' object nor 'Comparator' object has an attribute 'text'
2025-11-05 09:27:16,586 - app.routers.data_visor - ERROR - Error al obtener datos para '0020ACSA': Neither 'Cast' object nor 'Comparator' object has an attribute 'text'
Traceback (most recent call last):
  File "C:\NETPAG\DesarrolloOrganizado\nueva-intra\backend\venv\Lib\site-packages\sqlalchemy\sql\elements.py", line 1517, in __getattr__
    return getattr(self.comparator, key)
AttributeError: 'Comparator' object has no attribute 'text'

The above exception was the direct cause of the following exception:

Traceback (most recent call last):
  File "C:\NETPAG\DesarrolloOrganizado\nueva-intra\backend\app\routers\data_visor.py", line 63, in get_data_for_client
    total_rows = db_ops.contar_datos_cliente(
        connection, client_code, filtros=req.filtros
    )
  File "C:\NETPAG\DesarrolloOrganizado\nueva-intra\backend\app\db_operations.py", line 269, in contar_datos_cliente
    raise e
  File "C:\NETPAG\DesarrolloOrganizado\nueva-intra\backend\app\db_operations.py", line 258, in contar_datos_cliente
    sql_filters, params = construir_where_dinamico(filtros)
                          ~~~~~~~~~~~~~~~~~~~~~~~~^^^^^^^^^
  File "C:\NETPAG\DesarrolloOrganizado\nueva-intra\backend\app\db_operations.py", line 184, in construir_where_dinamico
    sql_filters.append(text(f"({sql_expr.text}) >= :{param_name}"))
                                ^^^^^^^^^^^^^
  File "C:\NETPAG\DesarrolloOrganizado\nueva-intra\backend\venv\Lib\site-packages\sqlalchemy\sql\elements.py", line 1519, in __getattr__
    raise AttributeError(
    ...<6 lines>...
    ) from err
AttributeError: Neither 'Cast' object nor 'Comparator' object has an attribute 'text'
2025-11-05 09:29:35,493 - app.db_operations - INFO - Aplicando orden por defecto (columna 1)
2025-11-05 09:29:35,493 - app.db_operations - INFO - Ejecutando consulta (paginada) con params: {}
2025-11-05 09:35:36,084 - root - INFO - Sistema de logging configurado correctamente.
2025-11-05 09:35:42,972 - app.db_operations - INFO - Se encontraron 4 estrategias activas para '0020ACSA'.
2025-11-05 09:35:42,996 - app.db_operations - INFO - Aplicando orden por defecto (columna 1)
2025-11-05 09:35:42,997 - app.db_operations - INFO - Ejecutando consulta (paginada) con params: {}
2025-11-05 09:35:44,961 - app.db_operations - INFO - Cargando datos de la estrategia ID: 37
2025-11-05 09:35:45,200 - app.db_operations - INFO - Aplicando orden: FECHA_ULTIMA_GESTION -1
2025-11-05 09:35:45,201 - app.db_operations - INFO - Ejecutando consulta (paginada) con params: {'desde_param_deuda': '100000', 'hasta_param_deuda': '200000', 'desde_param_fecha_ultima_gestion': '2025-10-20', 'hasta_param_fecha_ultima_gestion': '2025-10-30'}
2025-11-05 09:35:45,900 - app.db_operations - INFO - Aplicando orden: FECHA_ULTIMA_GESTION -1
2025-11-05 09:35:45,901 - app.db_operations - INFO - Ejecutando consulta (paginada) con params: {'desde_param_deuda': '100000', 'hasta_param_deuda': '200000', 'desde_param_fecha_ultima_gestion': '2025-10-20', 'hasta_param_fecha_ultima_gestion': '2025-10-30'}
2025-11-05 09:37:07,554 - app.db_operations - INFO - Aplicando orden: FECHA_ULTIMA_GESTION -1
2025-11-05 09:37:07,555 - app.db_operations - INFO - Ejecutando consulta (paginada) con params: {'desde_param_deuda': '100000', 'hasta_param_deuda': '200000', 'desde_param_fecha_ultima_gestion': '2025-10-20', 'hasta_param_fecha_ultima_gestion': '2025-10-30', 'desde_param_fecha_emision_min': '2022-11-21', 'hasta_param_fecha_emision_min': '2022-11-21'}
2025-11-05 09:39:55,888 - app.db_operations - INFO - Aplicando orden: FECHA_EMISION_MIN 1
2025-11-05 09:39:55,889 - app.db_operations - INFO - Ejecutando consulta (paginada) con params: {'desde_param_deuda': '100000', 'hasta_param_deuda': '200000', 'desde_param_fecha_ultima_gestion': '2025-10-20', 'hasta_param_fecha_ultima_gestion': '2025-10-30', 'desde_param_fecha_emision_min': '2022-11-21', 'hasta_param_fecha_emision_min': '2022-11-21'}
2025-11-05 09:39:56,384 - app.auth_security - WARNING - Error al decodificar JWT: Signature has expired.
2025-11-05 09:40:55,890 - app.db_user_operations - INFO - Login exitoso para el email: aascanio@netpag.cl
2025-11-05 09:41:02,413 - app.db_operations - INFO - Se encontraron 4 estrategias activas para '0020ACSA'.
2025-11-05 09:41:02,776 - app.db_operations - INFO - Aplicando orden por defecto (columna 1)
2025-11-05 09:41:02,777 - app.db_operations - INFO - Ejecutando consulta (paginada) con params: {}
2025-11-05 09:43:48,338 - root - INFO - Sistema de logging configurado correctamente.
2025-11-05 09:45:38,521 - app.routers.trazabilidad_router - INFO - Tarea 7a08462d-c861-45fc-a9c8-e02a3c585541 iniciada por aascanio@netpag.cl.
2025-11-05 09:45:38,524 - app.routers.trazabilidad_router - INFO - [Task 7a08462d-c861-45fc-a9c8-e02a3c585541] Iniciando consulta TRAF para aascanio@netpag.cl...
2025-11-05 09:45:38,678 - app.db_traf_operations - INFO - Ejecutando consulta en la vista TRAF: SELECT "PERIODO", "SEMANA", "CLIENTE", "CAMPANA", "RUT", "USUARIO", "TELEFONO", "FECHA", "HORA", "RESP_TELEFONIA", "CATEGORIA", "SUBCATEGORIA", "SUBCATEGORIA1", "TIPO_DISCADOR", "DURACION", "GRABACION", "FECHAHORA", "TIPIFICACION", "VALOR_UNITARIO", "VALOR_MINUTAJE", "RUTDV", "OrigenTabla" 
FROM dbo."vw_TrafDiscador" 
WHERE lower(CAST("RUT" AS VARCHAR(255))) LIKE :param_rut AND (
        CASE
            -- Si ya es tipo DATE, usarlo directamente
            WHEN SQL_VARIANT_PROPERTY([FECHA], 'BaseType') = 'date' 
                THEN CAST([FECHA] AS DATE)
            
            -- Formato YYYYMMDD (8 dígitos)
            WHEN LEN(REPLACE(REPLACE([FECHA], ';', ''), ' ', '')) = 8 
                AND ISDATE(LEFT(REPLACE(REPLACE([FECHA], ';', ''), ' ', ''), 8)) = 1
                THEN CONVERT(DATE, LEFT(REPLACE(REPLACE([FECHA], ';', ''), ' ', ''), 8), 112)
            
            -- Formato DD/MM/YYYY (103)
            WHEN CHARINDEX('/', [FECHA]) > 0 
                AND ISDATE(LEFT(REPLACE([FECHA], ';', ''), 10)) = 1
                THEN CONVERT(DATE, LEFT(REPLACE([FECHA], ';', ''), 10), 103)
            
            -- Formato DD-MM-YYYY (105)
            WHEN CHARINDEX('-', [FECHA]) > 0 
                AND SUBSTRING([FECHA], 3, 1) = '-'
                AND ISDATE(LEFT([FECHA], 10)) = 1
                THEN CONVERT(DATE, LEFT([FECHA], 10), 105)
            
            -- Formato ISO YYYY-MM-DD (120 o 126)
            WHEN CHARINDEX('-', [FECHA]) > 0 
                AND SUBSTRING([FECHA], 5, 1) = '-'
                AND ISDATE([FECHA]) = 1
                THEN CONVERT(DATE, [FECHA], 120)
            
            -- Intento genérico con CONVERT
            WHEN ISDATE([FECHA]) = 1
                THEN CONVERT(DATE, [FECHA])
            
            ELSE NULL
        END
    ) >= :desde_param_fecha AND (
        CASE
            -- Si ya es tipo DATE, usarlo directamente
            WHEN SQL_VARIANT_PROPERTY([FECHA], 'BaseType') = 'date' 
                THEN CAST([FECHA] AS DATE)
            
            -- Formato YYYYMMDD (8 dígitos)
            WHEN LEN(REPLACE(REPLACE([FECHA], ';', ''), ' ', '')) = 8 
                AND ISDATE(LEFT(REPLACE(REPLACE([FECHA], ';', ''), ' ', ''), 8)) = 1
                THEN CONVERT(DATE, LEFT(REPLACE(REPLACE([FECHA], ';', ''), ' ', ''), 8), 112)
            
            -- Formato DD/MM/YYYY (103)
            WHEN CHARINDEX('/', [FECHA]) > 0 
                AND ISDATE(LEFT(REPLACE([FECHA], ';', ''), 10)) = 1
                THEN CONVERT(DATE, LEFT(REPLACE([FECHA], ';', ''), 10), 103)
            
            -- Formato DD-MM-YYYY (105)
            WHEN CHARINDEX('-', [FECHA]) > 0 
                AND SUBSTRING([FECHA], 3, 1) = '-'
                AND ISDATE(LEFT([FECHA], 10)) = 1
                THEN CONVERT(DATE, LEFT([FECHA], 10), 105)
            
            -- Formato ISO YYYY-MM-DD (120 o 126)
            WHEN CHARINDEX('-', [FECHA]) > 0 
                AND SUBSTRING([FECHA], 5, 1) = '-'
                AND ISDATE([FECHA]) = 1
                THEN CONVERT(DATE, [FECHA], 120)
            
            -- Intento genérico con CONVERT
            WHEN ISDATE([FECHA]) = 1
                THEN CONVERT(DATE, [FECHA])
            
            ELSE NULL
        END
    ) >= :hasta_param_fecha ORDER BY dbo."vw_TrafDiscador"."PERIODO" con parámetros: {'param_rut': '%26625480%', 'desde_param_fecha': '2025-11-03', 'hasta_param_fecha': '2025-11-04'}
2025-11-05 09:49:20,453 - app.routers.trazabilidad_router - INFO - [Task 7a08462d-c861-45fc-a9c8-e02a3c585541] Consulta completada. 0 filas.
2025-11-05 09:49:20,455 - app.routers.trazabilidad_router - ERROR - [Task 7a08462d-c861-45fc-a9c8-e02a3c585541] Error en la tarea de fondo: 
Traceback (most recent call last):
  File "C:\NETPAG\DesarrolloOrganizado\nueva-intra\backend\app\routers\trazabilidad_router.py", line 124, in run_traf_query
    next(db_gen)
    ~~~~^^^^^^^^
StopIteration
2025-11-05 09:49:20,461 - app.routers.trazabilidad_router - INFO - [Task 7a08462d-c861-45fc-a9c8-e02a3c585541] Sesión de DB de tarea cerrada.
2025-11-05 10:00:52,139 - root - INFO - Sistema de logging configurado correctamente.
2025-11-05 10:01:09,384 - app.routers.trazabilidad_router - INFO - Tarea 2399fabe-78ac-44ef-a7fb-4665f0ba8ead iniciada por aascanio@netpag.cl.
2025-11-05 10:01:09,386 - app.routers.trazabilidad_router - INFO - [Task 2399fabe-78ac-44ef-a7fb-4665f0ba8ead] Iniciando consulta TRAF para aascanio@netpag.cl...
2025-11-05 10:01:09,638 - app.db_traf_operations - INFO - Ejecutando consulta en la vista TRAF: SELECT "PERIODO", "SEMANA", "CLIENTE", "CAMPANA", "RUT", "USUARIO", "TELEFONO", "FECHA", "HORA", "RESP_TELEFONIA", "CATEGORIA", "SUBCATEGORIA", "SUBCATEGORIA1", "TIPO_DISCADOR", "DURACION", "GRABACION", "FECHAHORA", "TIPIFICACION", "VALOR_UNITARIO", "VALOR_MINUTAJE", "RUTDV", "OrigenTabla" 
FROM dbo."vw_TrafDiscador" 
WHERE lower(CAST("RUT" AS VARCHAR(255))) LIKE :param_rut ORDER BY dbo."vw_TrafDiscador"."PERIODO" con parámetros: {'param_rut': '%26625480%'}
2025-11-05 10:03:10,029 - app.routers.trazabilidad_router - INFO - [Task 2399fabe-78ac-44ef-a7fb-4665f0ba8ead] Consulta completada. 118 filas.
2025-11-05 10:03:10,031 - app.routers.trazabilidad_router - ERROR - [Task 2399fabe-78ac-44ef-a7fb-4665f0ba8ead] Error en la tarea de fondo: 
Traceback (most recent call last):
  File "C:\NETPAG\DesarrolloOrganizado\nueva-intra\backend\app\routers\trazabilidad_router.py", line 125, in run_traf_query
    next(db_gen)
    ~~~~^^^^^^^^
StopIteration
2025-11-05 10:03:10,036 - app.routers.trazabilidad_router - INFO - [Task 2399fabe-78ac-44ef-a7fb-4665f0ba8ead] Sesión de DB de tarea cerrada.
2025-11-05 10:14:23,248 - root - INFO - Sistema de logging configurado correctamente.
2025-11-05 10:14:24,112 - app.routers.trazabilidad_router - INFO - Tarea 266bd316-22c9-434e-b3e7-9a9450a2c624 iniciada por aascanio@netpag.cl.
2025-11-05 10:14:24,115 - app.routers.trazabilidad_router - INFO - [Task 266bd316-22c9-434e-b3e7-9a9450a2c624] Iniciando consulta TRAF para aascanio@netpag.cl...
2025-11-05 10:14:24,234 - app.db_traf_operations - INFO - Ejecutando consulta en la vista TRAF: SELECT "PERIODO", "SEMANA", "CLIENTE", "CAMPANA", "RUT", "USUARIO", "TELEFONO", "FECHA", "HORA", "RESP_TELEFONIA", "CATEGORIA", "SUBCATEGORIA", "SUBCATEGORIA1", "TIPO_DISCADOR", "DURACION", "GRABACION", "FECHAHORA", "TIPIFICACION", "VALOR_UNITARIO", "VALOR_MINUTAJE", "RUTDV", "OrigenTabla" 
FROM dbo."vw_TrafDiscador" 
WHERE lower(CAST("RUT" AS VARCHAR(255))) LIKE :param_rut ORDER BY dbo."vw_TrafDiscador"."PERIODO" con parámetros: {'param_rut': '%26625480%'}
2025-11-05 10:14:49,357 - app.routers.trazabilidad_router - INFO - [Task 266bd316-22c9-434e-b3e7-9a9450a2c624] Consulta completada. 118 filas.
2025-11-05 10:14:49,359 - app.routers.trazabilidad_router - INFO - [Task 266bd316-22c9-434e-b3e7-9a9450a2c624] Sesión de DB de tarea cerrada.
2025-11-05 10:14:54,701 - app.routers.trazabilidad_router - INFO - Resultados de 266bd316-22c9-434e-b3e7-9a9450a2c624 entregados. Tarea limpiada.
2025-11-05 10:15:36,025 - app.routers.trazabilidad_router - INFO - Tarea bdc9d89d-bae8-475d-9024-f90a052f7340 iniciada por aascanio@netpag.cl.
2025-11-05 10:15:36,027 - app.routers.trazabilidad_router - INFO - [Task bdc9d89d-bae8-475d-9024-f90a052f7340] Iniciando consulta TRAF para aascanio@netpag.cl...
2025-11-05 10:15:36,129 - app.db_traf_operations - INFO - Ejecutando consulta en la vista TRAF: SELECT "PERIODO", "SEMANA", "CLIENTE", "CAMPANA", "RUT", "USUARIO", "TELEFONO", "FECHA", "HORA", "RESP_TELEFONIA", "CATEGORIA", "SUBCATEGORIA", "SUBCATEGORIA1", "TIPO_DISCADOR", "DURACION", "GRABACION", "FECHAHORA", "TIPIFICACION", "VALOR_UNITARIO", "VALOR_MINUTAJE", "RUTDV", "OrigenTabla" 
FROM dbo."vw_TrafDiscador" 
WHERE lower(CAST("RUT" AS VARCHAR(255))) LIKE :param_rut ORDER BY dbo."vw_TrafDiscador"."PERIODO" con parámetros: {'param_rut': '%26625480%'}
2025-11-05 10:16:01,185 - app.routers.trazabilidad_router - INFO - [Task bdc9d89d-bae8-475d-9024-f90a052f7340] Consulta completada. 118 filas.
2025-11-05 10:16:01,187 - app.routers.trazabilidad_router - INFO - [Task bdc9d89d-bae8-475d-9024-f90a052f7340] Sesión de DB de tarea cerrada.
2025-11-05 10:16:07,364 - app.routers.trazabilidad_router - INFO - Resultados de bdc9d89d-bae8-475d-9024-f90a052f7340 entregados. Tarea limpiada.
2025-11-05 10:53:47,164 - root - INFO - Sistema de logging configurado correctamente.
2025-11-05 10:54:01,699 - app.db_user_operations - INFO - Login exitoso para el email: aascanio@netpag.cl
2025-11-05 10:54:54,906 - app.routers.trazabilidad_router - INFO - Tarea dc143e9f-fedf-4a1a-8a87-58d715bd9731 iniciada por aascanio@netpag.cl.
2025-11-05 10:54:54,908 - app.routers.trazabilidad_router - INFO - [Task dc143e9f-fedf-4a1a-8a87-58d715bd9731] Iniciando consulta TRAF para aascanio@netpag.cl...
2025-11-05 10:54:55,090 - app.db_traf_operations - INFO - Ejecutando consulta en la vista TRAF: SELECT "PERIODO", "SEMANA", "CLIENTE", "CAMPANA", "RUT", "USUARIO", "TELEFONO", "FECHA", "HORA", "RESP_TELEFONIA", "CATEGORIA", "SUBCATEGORIA", "SUBCATEGORIA1", "TIPO_DISCADOR", "DURACION", "GRABACION", "FECHAHORA", "TIPIFICACION", "VALOR_UNITARIO", "VALOR_MINUTAJE", "RUTDV", "OrigenTabla" 
FROM dbo."vw_TrafDiscador" 
WHERE CAST("RUT" AS VARCHAR(255)) = :param_rut ORDER BY dbo."vw_TrafDiscador"."PERIODO" con parámetros: {'param_rut': '26625480'}
2025-11-05 10:54:58,558 - app.routers.trazabilidad_router - INFO - [Task dc143e9f-fedf-4a1a-8a87-58d715bd9731] Consulta completada. 118 filas.
2025-11-05 10:54:58,562 - app.routers.trazabilidad_router - INFO - [Task dc143e9f-fedf-4a1a-8a87-58d715bd9731] Sesión de DB de tarea cerrada.
2025-11-05 10:55:05,062 - app.routers.trazabilidad_router - INFO - Resultados de dc143e9f-fedf-4a1a-8a87-58d715bd9731 entregados. Tarea limpiada.
2025-11-05 11:01:47,944 - root - INFO - Sistema de logging configurado correctamente.
2025-11-05 11:02:14,599 - app.routers.trazabilidad_router - INFO - Tarea 113a9348-a108-4f0f-bffa-7a9789b0ae04 iniciada por aascanio@netpag.cl.
2025-11-05 11:02:14,600 - app.routers.trazabilidad_router - INFO - [Task 113a9348-a108-4f0f-bffa-7a9789b0ae04] Iniciando consulta TRAF para aascanio@netpag.cl...
2025-11-05 11:02:14,726 - app.db_traf_operations - INFO - Ejecutando consulta en la vista TRAF: SELECT "PERIODO", "SEMANA", "CLIENTE", "CAMPANA", "RUT", "USUARIO", "TELEFONO", "FECHA", "HORA", "RESP_TELEFONIA", "CATEGORIA", "SUBCATEGORIA", "SUBCATEGORIA1", "TIPO_DISCADOR", "DURACION", "GRABACION", "FECHAHORA", "TIPIFICACION", "VALOR_UNITARIO", "VALOR_MINUTAJE", "RUTDV", "OrigenTabla" 
FROM dbo."vw_TrafDiscador" 
WHERE CAST("RUT" AS VARCHAR(255)) = :param_rut AND (
        CASE
            -- Si ya es tipo DATE, usarlo directamente
            WHEN SQL_VARIANT_PROPERTY([FECHA], 'BaseType') = 'date' 
                THEN CAST([FECHA] AS DATE)
            
            -- Formato YYYYMMDD (8 dígitos)
            WHEN LEN(REPLACE(REPLACE([FECHA], ';', ''), ' ', '')) = 8 
                AND ISDATE(LEFT(REPLACE(REPLACE([FECHA], ';', ''), ' ', ''), 8)) = 1
                THEN CONVERT(DATE, LEFT(REPLACE(REPLACE([FECHA], ';', ''), ' ', ''), 8), 112)
            
            -- Formato DD/MM/YYYY (103)
            WHEN CHARINDEX('/', [FECHA]) > 0 
                AND ISDATE(LEFT(REPLACE([FECHA], ';', ''), 10)) = 1
                THEN CONVERT(DATE, LEFT(REPLACE([FECHA], ';', ''), 10), 103)
            
            -- Formato DD-MM-YYYY (105)
            WHEN CHARINDEX('-', [FECHA]) > 0 
                AND SUBSTRING([FECHA], 3, 1) = '-'
                AND ISDATE(LEFT([FECHA], 10)) = 1
                THEN CONVERT(DATE, LEFT([FECHA], 10), 105)
            
            -- Formato ISO YYYY-MM-DD (120 o 126)
            WHEN CHARINDEX('-', [FECHA]) > 0 
                AND SUBSTRING([FECHA], 5, 1) = '-'
                AND ISDATE([FECHA]) = 1
                THEN CONVERT(DATE, [FECHA], 120)
            
            -- Intento genérico con CONVERT
            WHEN ISDATE([FECHA]) = 1
                THEN CONVERT(DATE, [FECHA])
            
            ELSE NULL
        END
    ) >= :desde_param_fecha AND (
        CASE
            -- Si ya es tipo DATE, usarlo directamente
            WHEN SQL_VARIANT_PROPERTY([FECHA], 'BaseType') = 'date' 
                THEN CAST([FECHA] AS DATE)
            
            -- Formato YYYYMMDD (8 dígitos)
            WHEN LEN(REPLACE(REPLACE([FECHA], ';', ''), ' ', '')) = 8 
                AND ISDATE(LEFT(REPLACE(REPLACE([FECHA], ';', ''), ' ', ''), 8)) = 1
                THEN CONVERT(DATE, LEFT(REPLACE(REPLACE([FECHA], ';', ''), ' ', ''), 8), 112)
            
            -- Formato DD/MM/YYYY (103)
            WHEN CHARINDEX('/', [FECHA]) > 0 
                AND ISDATE(LEFT(REPLACE([FECHA], ';', ''), 10)) = 1
                THEN CONVERT(DATE, LEFT(REPLACE([FECHA], ';', ''), 10), 103)
            
            -- Formato DD-MM-YYYY (105)
            WHEN CHARINDEX('-', [FECHA]) > 0 
                AND SUBSTRING([FECHA], 3, 1) = '-'
                AND ISDATE(LEFT([FECHA], 10)) = 1
                THEN CONVERT(DATE, LEFT([FECHA], 10), 105)
            
            -- Formato ISO YYYY-MM-DD (120 o 126)
            WHEN CHARINDEX('-', [FECHA]) > 0 
                AND SUBSTRING([FECHA], 5, 1) = '-'
                AND ISDATE([FECHA]) = 1
                THEN CONVERT(DATE, [FECHA], 120)
            
            -- Intento genérico con CONVERT
            WHEN ISDATE([FECHA]) = 1
                THEN CONVERT(DATE, [FECHA])
            
            ELSE NULL
        END
    ) >= :hasta_param_fecha ORDER BY dbo."vw_TrafDiscador"."PERIODO" con parámetros: {'param_rut': '26625480', 'desde_param_fecha': '2025-11-03', 'hasta_param_fecha': '2025-11-05'}
2025-11-05 11:02:24,064 - app.routers.trazabilidad_router - INFO - [Task 113a9348-a108-4f0f-bffa-7a9789b0ae04] Consulta completada. 0 filas.
2025-11-05 11:02:24,065 - app.routers.trazabilidad_router - INFO - [Task 113a9348-a108-4f0f-bffa-7a9789b0ae04] Sesión de DB de tarea cerrada.
2025-11-05 11:02:25,356 - app.routers.trazabilidad_router - INFO - Resultados de 113a9348-a108-4f0f-bffa-7a9789b0ae04 entregados. Tarea limpiada.
2025-11-05 11:52:50,148 - app.routers.trazabilidad_router - INFO - Tarea 09b8b556-3cb9-404d-9c87-30916315f092 iniciada por aascanio@netpag.cl.
2025-11-05 11:52:50,169 - app.routers.trazabilidad_router - INFO - [Task 09b8b556-3cb9-404d-9c87-30916315f092] Iniciando consulta TRAF para aascanio@netpag.cl...
2025-11-05 11:52:50,621 - app.db_traf_operations - INFO - Ejecutando consulta en la vista TRAF: SELECT "PERIODO", "SEMANA", "CLIENTE", "CAMPANA", "RUT", "USUARIO", "TELEFONO", "FECHA", "HORA", "RESP_TELEFONIA", "CATEGORIA", "SUBCATEGORIA", "SUBCATEGORIA1", "TIPO_DISCADOR", "DURACION", "GRABACION", "FECHAHORA", "TIPIFICACION", "VALOR_UNITARIO", "VALOR_MINUTAJE", "RUTDV", "OrigenTabla" 
FROM dbo."vw_TrafDiscador" 
WHERE CAST("RUT" AS VARCHAR(255)) = :param_rut AND (
        CASE
            -- Si ya es tipo DATE, usarlo directamente
            WHEN SQL_VARIANT_PROPERTY([FECHA], 'BaseType') = 'date' 
                THEN CAST([FECHA] AS DATE)
            
            -- Formato YYYYMMDD (8 dígitos)
            WHEN LEN(REPLACE(REPLACE([FECHA], ';', ''), ' ', '')) = 8 
                AND ISDATE(LEFT(REPLACE(REPLACE([FECHA], ';', ''), ' ', ''), 8)) = 1
                THEN CONVERT(DATE, LEFT(REPLACE(REPLACE([FECHA], ';', ''), ' ', ''), 8), 112)
            
            -- Formato DD/MM/YYYY (103)
            WHEN CHARINDEX('/', [FECHA]) > 0 
                AND ISDATE(LEFT(REPLACE([FECHA], ';', ''), 10)) = 1
                THEN CONVERT(DATE, LEFT(REPLACE([FECHA], ';', ''), 10), 103)
            
            -- Formato DD-MM-YYYY (105)
            WHEN CHARINDEX('-', [FECHA]) > 0 
                AND SUBSTRING([FECHA], 3, 1) = '-'
                AND ISDATE(LEFT([FECHA], 10)) = 1
                THEN CONVERT(DATE, LEFT([FECHA], 10), 105)
            
            -- Formato ISO YYYY-MM-DD (120 o 126)
            WHEN CHARINDEX('-', [FECHA]) > 0 
                AND SUBSTRING([FECHA], 5, 1) = '-'
                AND ISDATE([FECHA]) = 1
                THEN CONVERT(DATE, [FECHA], 120)
            
            -- Intento genérico con CONVERT
            WHEN ISDATE([FECHA]) = 1
                THEN CONVERT(DATE, [FECHA])
            
            ELSE NULL
        END
    ) >= :desde_param_fecha AND (
        CASE
            -- Si ya es tipo DATE, usarlo directamente
            WHEN SQL_VARIANT_PROPERTY([FECHA], 'BaseType') = 'date' 
                THEN CAST([FECHA] AS DATE)
            
            -- Formato YYYYMMDD (8 dígitos)
            WHEN LEN(REPLACE(REPLACE([FECHA], ';', ''), ' ', '')) = 8 
                AND ISDATE(LEFT(REPLACE(REPLACE([FECHA], ';', ''), ' ', ''), 8)) = 1
                THEN CONVERT(DATE, LEFT(REPLACE(REPLACE([FECHA], ';', ''), ' ', ''), 8), 112)
            
            -- Formato DD/MM/YYYY (103)
            WHEN CHARINDEX('/', [FECHA]) > 0 
                AND ISDATE(LEFT(REPLACE([FECHA], ';', ''), 10)) = 1
                THEN CONVERT(DATE, LEFT(REPLACE([FECHA], ';', ''), 10), 103)
            
            -- Formato DD-MM-YYYY (105)
            WHEN CHARINDEX('-', [FECHA]) > 0 
                AND SUBSTRING([FECHA], 3, 1) = '-'
                AND ISDATE(LEFT([FECHA], 10)) = 1
                THEN CONVERT(DATE, LEFT([FECHA], 10), 105)
            
            -- Formato ISO YYYY-MM-DD (120 o 126)
            WHEN CHARINDEX('-', [FECHA]) > 0 
                AND SUBSTRING([FECHA], 5, 1) = '-'
                AND ISDATE([FECHA]) = 1
                THEN CONVERT(DATE, [FECHA], 120)
            
            -- Intento genérico con CONVERT
            WHEN ISDATE([FECHA]) = 1
                THEN CONVERT(DATE, [FECHA])
            
            ELSE NULL
        END
    ) >= :hasta_param_fecha ORDER BY dbo."vw_TrafDiscador"."PERIODO" con parámetros: {'param_rut': '26625480', 'desde_param_fecha': '2025-11-03', 'hasta_param_fecha': '2025-11-04'}
2025-11-05 11:54:11,031 - app.auth_security - WARNING - Error al decodificar JWT: Signature has expired.
2025-11-05 11:54:21,737 - app.routers.trazabilidad_router - INFO - [Task 09b8b556-3cb9-404d-9c87-30916315f092] Consulta completada. 0 filas.
2025-11-05 11:54:21,742 - app.routers.trazabilidad_router - INFO - [Task 09b8b556-3cb9-404d-9c87-30916315f092] Sesión de DB de tarea cerrada.
2025-11-05 11:54:30,189 - app.auth_security - WARNING - Error al decodificar JWT: Signature has expired.
2025-11-05 11:54:30,207 - app.auth_security - WARNING - Error al decodificar JWT: Signature has expired.
2025-11-05 11:54:45,983 - app.db_user_operations - INFO - Login exitoso para el email: aascanio@netpag.cl
2025-11-05 11:55:12,935 - app.routers.trazabilidad_router - INFO - Tarea bda294ad-b291-462b-a507-ad41d7e21971 iniciada por aascanio@netpag.cl.
2025-11-05 11:55:12,937 - app.routers.trazabilidad_router - INFO - [Task bda294ad-b291-462b-a507-ad41d7e21971] Iniciando consulta TRAF para aascanio@netpag.cl...
2025-11-05 11:55:13,053 - app.db_traf_operations - INFO - Ejecutando consulta en la vista TRAF: SELECT "PERIODO", "SEMANA", "CLIENTE", "CAMPANA", "RUT", "USUARIO", "TELEFONO", "FECHA", "HORA", "RESP_TELEFONIA", "CATEGORIA", "SUBCATEGORIA", "SUBCATEGORIA1", "TIPO_DISCADOR", "DURACION", "GRABACION", "FECHAHORA", "TIPIFICACION", "VALOR_UNITARIO", "VALOR_MINUTAJE", "RUTDV", "OrigenTabla" 
FROM dbo."vw_TrafDiscador" 
WHERE CAST("RUT" AS VARCHAR(255)) = :param_rut AND (
        CASE
            -- Si ya es tipo DATE, usarlo directamente
            WHEN SQL_VARIANT_PROPERTY([FECHA], 'BaseType') = 'date' 
                THEN CAST([FECHA] AS DATE)
            
            -- Formato YYYYMMDD (8 dígitos)
            WHEN LEN(REPLACE(REPLACE([FECHA], ';', ''), ' ', '')) = 8 
                AND ISDATE(LEFT(REPLACE(REPLACE([FECHA], ';', ''), ' ', ''), 8)) = 1
                THEN CONVERT(DATE, LEFT(REPLACE(REPLACE([FECHA], ';', ''), ' ', ''), 8), 112)
            
            -- Formato DD/MM/YYYY (103)
            WHEN CHARINDEX('/', [FECHA]) > 0 
                AND ISDATE(LEFT(REPLACE([FECHA], ';', ''), 10)) = 1
                THEN CONVERT(DATE, LEFT(REPLACE([FECHA], ';', ''), 10), 103)
            
            -- Formato DD-MM-YYYY (105)
            WHEN CHARINDEX('-', [FECHA]) > 0 
                AND SUBSTRING([FECHA], 3, 1) = '-'
                AND ISDATE(LEFT([FECHA], 10)) = 1
                THEN CONVERT(DATE, LEFT([FECHA], 10), 105)
            
            -- Formato ISO YYYY-MM-DD (120 o 126)
            WHEN CHARINDEX('-', [FECHA]) > 0 
                AND SUBSTRING([FECHA], 5, 1) = '-'
                AND ISDATE([FECHA]) = 1
                THEN CONVERT(DATE, [FECHA], 120)
            
            -- Intento genérico con CONVERT
            WHEN ISDATE([FECHA]) = 1
                THEN CONVERT(DATE, [FECHA])
            
            ELSE NULL
        END
    ) >= :desde_param_fecha AND (
        CASE
            -- Si ya es tipo DATE, usarlo directamente
            WHEN SQL_VARIANT_PROPERTY([FECHA], 'BaseType') = 'date' 
                THEN CAST([FECHA] AS DATE)
            
            -- Formato YYYYMMDD (8 dígitos)
            WHEN LEN(REPLACE(REPLACE([FECHA], ';', ''), ' ', '')) = 8 
                AND ISDATE(LEFT(REPLACE(REPLACE([FECHA], ';', ''), ' ', ''), 8)) = 1
                THEN CONVERT(DATE, LEFT(REPLACE(REPLACE([FECHA], ';', ''), ' ', ''), 8), 112)
            
            -- Formato DD/MM/YYYY (103)
            WHEN CHARINDEX('/', [FECHA]) > 0 
                AND ISDATE(LEFT(REPLACE([FECHA], ';', ''), 10)) = 1
                THEN CONVERT(DATE, LEFT(REPLACE([FECHA], ';', ''), 10), 103)
            
            -- Formato DD-MM-YYYY (105)
            WHEN CHARINDEX('-', [FECHA]) > 0 
                AND SUBSTRING([FECHA], 3, 1) = '-'
                AND ISDATE(LEFT([FECHA], 10)) = 1
                THEN CONVERT(DATE, LEFT([FECHA], 10), 105)
            
            -- Formato ISO YYYY-MM-DD (120 o 126)
            WHEN CHARINDEX('-', [FECHA]) > 0 
                AND SUBSTRING([FECHA], 5, 1) = '-'
                AND ISDATE([FECHA]) = 1
                THEN CONVERT(DATE, [FECHA], 120)
            
            -- Intento genérico con CONVERT
            WHEN ISDATE([FECHA]) = 1
                THEN CONVERT(DATE, [FECHA])
            
            ELSE NULL
        END
    ) >= :hasta_param_fecha ORDER BY dbo."vw_TrafDiscador"."PERIODO" con parámetros: {'param_rut': '26625480', 'desde_param_fecha': '2025-11-03', 'hasta_param_fecha': '2025-11-04'}
2025-11-05 11:56:52,897 - app.routers.trazabilidad_router - INFO - [Task bda294ad-b291-462b-a507-ad41d7e21971] Consulta completada. 0 filas.
2025-11-05 11:56:52,900 - app.routers.trazabilidad_router - INFO - [Task bda294ad-b291-462b-a507-ad41d7e21971] Sesión de DB de tarea cerrada.
2025-11-05 11:56:53,046 - app.routers.trazabilidad_router - INFO - Resultados de bda294ad-b291-462b-a507-ad41d7e21971 entregados. Tarea limpiada.
2025-11-05 12:03:49,256 - root - INFO - Sistema de logging configurado correctamente.
2025-11-05 12:04:07,080 - app.routers.trazabilidad_router - INFO - Tarea c9e2fb1a-1d29-421a-8119-940d0b2fc959 iniciada por aascanio@netpag.cl.
2025-11-05 12:04:07,083 - app.routers.trazabilidad_router - INFO - [Task c9e2fb1a-1d29-421a-8119-940d0b2fc959] Iniciando consulta TRAF para aascanio@netpag.cl...
2025-11-05 12:04:07,205 - app.db_traf_operations - INFO - Ejecutando consulta en la vista TRAF: SELECT "PERIODO", "SEMANA", "CLIENTE", "CAMPANA", "RUT", "USUARIO", "TELEFONO", "FECHA", "HORA", "RESP_TELEFONIA", "CATEGORIA", "SUBCATEGORIA", "SUBCATEGORIA1", "TIPO_DISCADOR", "DURACION", "GRABACION", "FECHAHORA", "TIPIFICACION", "VALOR_UNITARIO", "VALOR_MINUTAJE", "RUTDV", "OrigenTabla" 
FROM dbo."vw_TrafDiscador" 
WHERE CAST("RUT" AS VARCHAR(255)) = :param_rut AND (
        CASE
            -- Si ya es tipo DATE, usarlo directamente
            WHEN SQL_VARIANT_PROPERTY([FECHA], 'BaseType') = 'date' 
                THEN CAST([FECHA] AS DATE)
            
            -- Formato YYYYMMDD (8 dígitos)
            WHEN LEN(REPLACE(REPLACE([FECHA], ';', ''), ' ', '')) = 8 
                AND ISDATE(LEFT(REPLACE(REPLACE([FECHA], ';', ''), ' ', ''), 8)) = 1
                THEN CONVERT(DATE, LEFT(REPLACE(REPLACE([FECHA], ';', ''), ' ', ''), 8), 112)
            
            -- Formato DD/MM/YYYY (103)
            WHEN CHARINDEX('/', [FECHA]) > 0 
                AND ISDATE(LEFT(REPLACE([FECHA], ';', ''), 10)) = 1
                THEN CONVERT(DATE, LEFT(REPLACE([FECHA], ';', ''), 10), 103)
            
            -- Formato DD-MM-YYYY (105)
            WHEN CHARINDEX('-', [FECHA]) > 0 
                AND SUBSTRING([FECHA], 3, 1) = '-'
                AND ISDATE(LEFT([FECHA], 10)) = 1
                THEN CONVERT(DATE, LEFT([FECHA], 10), 105)
            
            -- Formato ISO YYYY-MM-DD (120 o 126)
            WHEN CHARINDEX('-', [FECHA]) > 0 
                AND SUBSTRING([FECHA], 5, 1) = '-'
                AND ISDATE([FECHA]) = 1
                THEN CONVERT(DATE, [FECHA], 120)
            
            -- Intento genérico con CONVERT
            WHEN ISDATE([FECHA]) = 1
                THEN CONVERT(DATE, [FECHA])
            
            ELSE NULL
        END
    ) >= :desde_param_fecha AND (
        CASE
            -- Si ya es tipo DATE, usarlo directamente
            WHEN SQL_VARIANT_PROPERTY([FECHA], 'BaseType') = 'date' 
                THEN CAST([FECHA] AS DATE)
            
            -- Formato YYYYMMDD (8 dígitos)
            WHEN LEN(REPLACE(REPLACE([FECHA], ';', ''), ' ', '')) = 8 
                AND ISDATE(LEFT(REPLACE(REPLACE([FECHA], ';', ''), ' ', ''), 8)) = 1
                THEN CONVERT(DATE, LEFT(REPLACE(REPLACE([FECHA], ';', ''), ' ', ''), 8), 112)
            
            -- Formato DD/MM/YYYY (103)
            WHEN CHARINDEX('/', [FECHA]) > 0 
                AND ISDATE(LEFT(REPLACE([FECHA], ';', ''), 10)) = 1
                THEN CONVERT(DATE, LEFT(REPLACE([FECHA], ';', ''), 10), 103)
            
            -- Formato DD-MM-YYYY (105)
            WHEN CHARINDEX('-', [FECHA]) > 0 
                AND SUBSTRING([FECHA], 3, 1) = '-'
                AND ISDATE(LEFT([FECHA], 10)) = 1
                THEN CONVERT(DATE, LEFT([FECHA], 10), 105)
            
            -- Formato ISO YYYY-MM-DD (120 o 126)
            WHEN CHARINDEX('-', [FECHA]) > 0 
                AND SUBSTRING([FECHA], 5, 1) = '-'
                AND ISDATE([FECHA]) = 1
                THEN CONVERT(DATE, [FECHA], 120)
            
            -- Intento genérico con CONVERT
            WHEN ISDATE([FECHA]) = 1
                THEN CONVERT(DATE, [FECHA])
            
            ELSE NULL
        END
    ) <= :hasta_param_fecha ORDER BY dbo."vw_TrafDiscador"."PERIODO" con parámetros: {'param_rut': '26625480', 'desde_param_fecha': '2025-11-03', 'hasta_param_fecha': '2025-11-04'}
2025-11-05 12:04:11,651 - app.routers.trazabilidad_router - INFO - [Task c9e2fb1a-1d29-421a-8119-940d0b2fc959] Consulta completada. 1 filas.
2025-11-05 12:04:11,653 - app.routers.trazabilidad_router - INFO - [Task c9e2fb1a-1d29-421a-8119-940d0b2fc959] Sesión de DB de tarea cerrada.
2025-11-05 12:04:18,061 - app.routers.trazabilidad_router - INFO - Resultados de c9e2fb1a-1d29-421a-8119-940d0b2fc959 entregados. Tarea limpiada.
2025-11-05 12:05:56,181 - app.db_operations - INFO - Se encontraron 0 estrategias activas para '0200ENTE'.
2025-11-05 12:05:56,384 - app.db_operations - INFO - Aplicando orden por defecto (columna 1)
2025-11-05 12:05:56,385 - app.db_operations - INFO - Ejecutando consulta (paginada) con params: {}
2025-11-05 12:06:29,329 - app.db_operations - INFO - Aplicando orden por defecto (columna 1)
2025-11-05 12:06:29,330 - app.db_operations - INFO - Ejecutando consulta (paginada) con params: {}
2025-11-05 12:06:29,504 - app.db_operations - INFO - Se encontraron 4 estrategias activas para '0020ACSA'.
2025-11-05 12:37:56,428 - root - INFO - Sistema de logging configurado correctamente.
2025-11-05 12:56:28,450 - app.auth_security - WARNING - Error al decodificar JWT: Signature has expired.
2025-11-05 12:56:28,462 - app.auth_security - WARNING - Error al decodificar JWT: Signature has expired.
2025-11-05 12:56:36,587 - app.db_user_operations - INFO - Login exitoso para el email: aascanio@netpag.cl
2025-11-05 13:03:45,791 - root - INFO - Sistema de logging configurado correctamente.
2025-11-05 13:04:26,010 - app.db_operations - INFO - Se encontraron 4 estrategias activas para '0020ACSA'.
2025-11-05 13:04:26,137 - app.db_operations - INFO - Aplicando orden por defecto (columna 1)
2025-11-05 13:04:26,138 - app.db_operations - INFO - Ejecutando consulta (paginada) con params: {}
2025-11-05 13:05:34,798 - app.db_operations - INFO - Se encontraron 4 estrategias activas para '0020ACSA'.
2025-11-05 13:05:34,800 - app.db_operations - INFO - Aplicando orden por defecto (columna 1)
2025-11-05 13:05:34,801 - app.db_operations - INFO - Ejecutando consulta (paginada) con params: {}
2025-11-05 13:16:55,481 - root - INFO - Sistema de logging configurado correctamente.
2025-11-05 13:17:22,839 - root - INFO - Sistema de logging configurado correctamente.
2025-11-05 13:38:33,946 - root - INFO - Sistema de logging configurado correctamente.
2025-11-05 13:47:19,014 - app.db_operations - INFO - Se encontraron 4 estrategias activas para '0020ACSA'.
2025-11-05 13:47:19,042 - app.db_operations - INFO - Aplicando orden por defecto (columna 1)
2025-11-05 13:47:19,044 - app.db_operations - INFO - Ejecutando consulta (paginada) con params: {}
2025-11-05 13:47:24,878 - app.db_operations - INFO - Cargando datos de la estrategia ID: 37
2025-11-05 13:47:25,296 - app.db_operations - INFO - Aplicando orden: FECHA_ULTIMA_GESTION -1
2025-11-05 13:47:25,298 - app.db_operations - INFO - Ejecutando consulta (paginada) con params: {'desde_param_deuda': '100000', 'hasta_param_deuda': '200000', 'desde_param_fecha_ultima_gestion': '2025-10-20', 'hasta_param_fecha_ultima_gestion': '2025-10-30'}
2025-11-05 13:47:25,608 - app.db_operations - INFO - Aplicando orden: FECHA_ULTIMA_GESTION -1
2025-11-05 13:47:25,609 - app.db_operations - INFO - Ejecutando consulta (paginada) con params: {'desde_param_deuda': '100000', 'hasta_param_deuda': '200000', 'desde_param_fecha_ultima_gestion': '2025-10-20', 'hasta_param_fecha_ultima_gestion': '2025-10-30'}
2025-11-05 13:51:20,439 - app.routers.listanegra_router - INFO - Usuario 'aascanio@netpag.cl' consultando datos de Lista Negra con filtros: {}
2025-11-05 13:51:20,439 - app.routers.listanegra_router - INFO - Usuario 'aascanio@netpag.cl' consultando datos de Lista Negra con filtros: {}
2025-11-05 13:51:20,439 - app.routers.listanegra_router - INFO - Obteniendo columnas de Lista Negra
2025-11-05 13:51:20,573 - app.routers.listanegra_router - INFO - Obteniendo columnas de Lista Negra
2025-11-05 13:51:21,466 - app.db_operations - INFO - Ejecutando consulta (paginada) en Lista Negra con params: {}
2025-11-05 13:51:21,473 - app.db_operations - INFO - Ejecutando consulta (paginada) en Lista Negra con params: {}
2025-11-05 13:51:36,151 - app.routers.listanegra_router - INFO - Usuario 'aascanio@netpag.cl' consultando datos de Lista Negra con filtros: {}
2025-11-05 13:51:36,465 - app.routers.listanegra_router - INFO - Obteniendo columnas de Lista Negra
2025-11-05 13:51:36,470 - app.routers.listanegra_router - INFO - Usuario 'aascanio@netpag.cl' consultando datos de Lista Negra con filtros: {}
2025-11-05 13:51:36,562 - app.routers.listanegra_router - INFO - Obteniendo columnas de Lista Negra
2025-11-05 13:51:36,894 - app.db_operations - INFO - Ejecutando consulta (paginada) en Lista Negra con params: {}
2025-11-05 13:51:38,070 - app.db_operations - INFO - Ejecutando consulta (paginada) en Lista Negra con params: {}
2025-11-05 13:52:08,102 - app.routers.listanegra_router - INFO - Obteniendo columnas de Lista Negra
2025-11-05 13:52:08,179 - app.routers.listanegra_router - INFO - Usuario 'aascanio@netpag.cl' consultando datos de Lista Negra con filtros: {}
2025-11-05 13:52:08,973 - app.db_operations - INFO - Ejecutando consulta (paginada) en Lista Negra con params: {}
2025-11-05 13:52:14,987 - app.routers.listanegra_router - INFO - Usuario 'aascanio@netpag.cl' consultando datos de Lista Negra con filtros: {}
2025-11-05 13:52:14,990 - app.routers.listanegra_router - INFO - Usuario 'aascanio@netpag.cl' consultando datos de Lista Negra con filtros: {}
2025-11-05 13:52:15,308 - app.routers.listanegra_router - INFO - Obteniendo columnas de Lista Negra
2025-11-05 13:52:15,413 - app.routers.listanegra_router - INFO - Obteniendo columnas de Lista Negra
2025-11-05 13:52:15,841 - app.db_operations - INFO - Ejecutando consulta (paginada) en Lista Negra con params: {}
2025-11-05 13:52:15,846 - app.db_operations - INFO - Ejecutando consulta (paginada) en Lista Negra con params: {}
2025-11-05 13:52:33,043 - app.routers.listanegra_router - INFO - Usuario 'aascanio@netpag.cl' consultando datos de Lista Negra con filtros: {}
2025-11-05 13:52:33,046 - app.routers.listanegra_router - INFO - Obteniendo columnas de Lista Negra
2025-11-05 13:52:33,186 - app.routers.listanegra_router - INFO - Usuario 'aascanio@netpag.cl' consultando datos de Lista Negra con filtros: {}
2025-11-05 13:52:33,363 - app.routers.listanegra_router - INFO - Obteniendo columnas de Lista Negra
2025-11-05 13:52:33,918 - app.db_operations - INFO - Ejecutando consulta (paginada) en Lista Negra con params: {}
2025-11-05 13:52:34,552 - app.db_operations - INFO - Ejecutando consulta (paginada) en Lista Negra con params: {}
2025-11-05 13:52:36,087 - app.routers.listanegra_router - INFO - Usuario 'aascanio@netpag.cl' consultando datos de Lista Negra con filtros: {}
2025-11-05 13:52:36,088 - app.routers.listanegra_router - INFO - Usuario 'aascanio@netpag.cl' consultando datos de Lista Negra con filtros: {}
2025-11-05 13:52:36,090 - app.routers.listanegra_router - INFO - Obteniendo columnas de Lista Negra
2025-11-05 13:52:36,176 - app.routers.listanegra_router - INFO - Obteniendo columnas de Lista Negra
2025-11-05 13:52:36,932 - app.db_operations - INFO - Ejecutando consulta (paginada) en Lista Negra con params: {}
2025-11-05 13:52:36,942 - app.db_operations - INFO - Ejecutando consulta (paginada) en Lista Negra con params: {}
2025-11-05 13:52:40,539 - app.routers.listanegra_router - INFO - Usuario 'aascanio@netpag.cl' consultando datos de Lista Negra con filtros: {}
2025-11-05 13:52:40,539 - app.routers.listanegra_router - INFO - Usuario 'aascanio@netpag.cl' consultando datos de Lista Negra con filtros: {}
2025-11-05 13:52:40,539 - app.routers.listanegra_router - INFO - Obteniendo columnas de Lista Negra
2025-11-05 13:52:40,641 - app.routers.listanegra_router - INFO - Obteniendo columnas de Lista Negra
2025-11-05 13:52:41,607 - app.db_operations - INFO - Ejecutando consulta (paginada) en Lista Negra con params: {}
2025-11-05 13:52:41,635 - app.db_operations - INFO - Ejecutando consulta (paginada) en Lista Negra con params: {}
2025-11-05 13:52:44,514 - app.routers.listanegra_router - INFO - Obteniendo columnas de Lista Negra
2025-11-05 13:52:44,515 - app.routers.listanegra_router - INFO - Usuario 'aascanio@netpag.cl' consultando datos de Lista Negra con filtros: {}
2025-11-05 13:52:44,517 - app.routers.listanegra_router - INFO - Usuario 'aascanio@netpag.cl' consultando datos de Lista Negra con filtros: {}
2025-11-05 13:52:44,597 - app.routers.listanegra_router - INFO - Obteniendo columnas de Lista Negra
2025-11-05 13:52:45,201 - app.db_operations - INFO - Ejecutando consulta (paginada) en Lista Negra con params: {}
2025-11-05 13:52:45,357 - app.db_operations - INFO - Ejecutando consulta (paginada) en Lista Negra con params: {}
2025-11-05 13:53:09,787 - app.routers.listanegra_router - INFO - Usuario 'aascanio@netpag.cl' consultando datos de Lista Negra con filtros: {}
2025-11-05 13:53:09,793 - app.routers.listanegra_router - INFO - Obteniendo columnas de Lista Negra
2025-11-05 13:53:09,798 - app.routers.listanegra_router - INFO - Usuario 'aascanio@netpag.cl' consultando datos de Lista Negra con filtros: {}
2025-11-05 13:53:09,902 - app.routers.listanegra_router - INFO - Obteniendo columnas de Lista Negra
2025-11-05 13:53:11,006 - app.db_operations - INFO - Ejecutando consulta (paginada) en Lista Negra con params: {}
2025-11-05 13:53:11,125 - app.db_operations - INFO - Ejecutando consulta (paginada) en Lista Negra con params: {}
2025-11-05 13:53:47,771 - app.routers.listanegra_router - INFO - Usuario 'aascanio@netpag.cl' consultando datos de Lista Negra con filtros: {'RUT': {'operador': 'contiene', 'valor': ''}, 'FONO': {'operador': 'contiene', 'valor': ''}, 'EMAIL': {'operador': 'contiene', 'valor': ''}, 'CLIENTE': {'operador': 'contiene', 'valor': ''}, 'PERIODO': {'operador': 'es_igual', 'valor': '202408'}}
2025-11-05 13:53:48,483 - app.db_operations - INFO - Ejecutando consulta (paginada) en Lista Negra con params: {'param_periodo': '202408'}
2025-11-05 13:53:54,097 - app.routers.listanegra_router - INFO - Usuario 'aascanio@netpag.cl' consultando datos de Lista Negra con filtros: {'RUT': {'operador': 'contiene', 'valor': ''}, 'FONO': {'operador': 'contiene', 'valor': ''}, 'EMAIL': {'operador': 'contiene', 'valor': ''}, 'CLIENTE': {'operador': 'contiene', 'valor': ''}, 'PERIODO': {'operador': 'es_igual', 'valor': '202408'}}
2025-11-05 13:53:54,956 - app.db_operations - INFO - Ejecutando consulta (paginada) en Lista Negra con params: {'param_periodo': '202408'}
2025-11-05 13:53:57,579 - app.routers.listanegra_router - INFO - Usuario 'aascanio@netpag.cl' consultando datos de Lista Negra con filtros: {'RUT': {'operador': 'contiene', 'valor': ''}, 'FONO': {'operador': 'contiene', 'valor': ''}, 'EMAIL': {'operador': 'contiene', 'valor': ''}, 'CLIENTE': {'operador': 'contiene', 'valor': ''}, 'PERIODO': {'operador': 'es_igual', 'valor': '202408'}}
2025-11-05 13:53:58,225 - app.db_operations - INFO - Ejecutando consulta (paginada) en Lista Negra con params: {'param_periodo': '202408'}
2025-11-05 13:54:07,129 - app.routers.listanegra_router - INFO - Usuario 'aascanio@netpag.cl' consultando datos de Lista Negra con filtros: {}
2025-11-05 13:54:07,999 - app.db_operations - INFO - Ejecutando consulta (paginada) en Lista Negra con params: {}
2025-11-05 13:54:22,611 - app.db_operations - INFO - Se encontraron 4 estrategias activas para '0020ACSA'.
2025-11-05 13:54:22,725 - app.db_operations - INFO - Aplicando orden por defecto (columna 1)
2025-11-05 13:54:22,726 - app.db_operations - INFO - Ejecutando consulta (paginada) con params: {}
2025-11-05 13:54:27,358 - app.routers.listanegra_router - INFO - Usuario 'aascanio@netpag.cl' consultando datos de Lista Negra con filtros: {}
2025-11-05 13:54:27,359 - app.routers.listanegra_router - INFO - Obteniendo columnas de Lista Negra
2025-11-05 13:54:27,364 - app.routers.listanegra_router - INFO - Usuario 'aascanio@netpag.cl' consultando datos de Lista Negra con filtros: {}
2025-11-05 13:54:27,434 - app.routers.listanegra_router - INFO - Obteniendo columnas de Lista Negra
2025-11-05 13:54:28,133 - app.db_operations - INFO - Ejecutando consulta (paginada) en Lista Negra con params: {}
2025-11-05 13:54:28,231 - app.db_operations - INFO - Ejecutando consulta (paginada) en Lista Negra con params: {}
2025-11-05 13:55:33,638 - app.routers.listanegra_router - INFO - Usuario 'aascanio@netpag.cl' consultando datos de Lista Negra con filtros: {}
2025-11-05 13:55:33,638 - app.routers.listanegra_router - INFO - Usuario 'aascanio@netpag.cl' consultando datos de Lista Negra con filtros: {}
2025-11-05 13:55:34,502 - app.db_operations - INFO - Ejecutando consulta (paginada) en Lista Negra con params: {}
2025-11-05 13:55:34,519 - app.db_operations - INFO - Ejecutando consulta (paginada) en Lista Negra con params: {}
2025-11-05 13:55:36,139 - app.routers.listanegra_router - INFO - Usuario 'aascanio@netpag.cl' consultando datos de Lista Negra con filtros: {}
2025-11-05 13:55:36,819 - app.db_operations - INFO - Ejecutando consulta (paginada) en Lista Negra con params: {}
2025-11-05 13:55:41,738 - app.routers.listanegra_router - INFO - Usuario 'aascanio@netpag.cl' consultando datos de Lista Negra con filtros: {}
2025-11-05 13:55:42,682 - app.db_operations - INFO - Ejecutando consulta (paginada) en Lista Negra con params: {}
2025-11-05 13:55:43,711 - app.routers.listanegra_router - INFO - Usuario 'aascanio@netpag.cl' consultando datos de Lista Negra con filtros: {}
2025-11-05 13:55:44,600 - app.db_operations - INFO - Ejecutando consulta (paginada) en Lista Negra con params: {}
2025-11-05 13:55:44,911 - app.routers.listanegra_router - INFO - Usuario 'aascanio@netpag.cl' consultando datos de Lista Negra con filtros: {}
2025-11-05 13:55:46,038 - app.db_operations - INFO - Ejecutando consulta (paginada) en Lista Negra con params: {}
2025-11-05 13:55:46,989 - app.routers.listanegra_router - INFO - Usuario 'aascanio@netpag.cl' consultando datos de Lista Negra con filtros: {}
2025-11-05 13:55:47,645 - app.db_operations - INFO - Ejecutando consulta (paginada) en Lista Negra con params: {}
2025-11-05 13:56:59,680 - app.auth_security - WARNING - Error al decodificar JWT: Signature has expired.
2025-11-05 13:57:05,301 - app.auth_security - WARNING - Error al decodificar JWT: Signature has expired.
2025-11-05 13:57:06,582 - app.auth_security - WARNING - Error al decodificar JWT: Signature has expired.
2025-11-05 13:57:07,319 - app.auth_security - WARNING - Error al decodificar JWT: Signature has expired.
2025-11-05 13:57:08,104 - app.auth_security - WARNING - Error al decodificar JWT: Signature has expired.
2025-11-05 13:57:18,649 - app.db_user_operations - INFO - Login exitoso para el email: aascanio@netpag.cl
2025-11-05 13:57:20,548 - app.routers.listanegra_router - INFO - Usuario 'aascanio@netpag.cl' consultando datos de Lista Negra con filtros: {}
2025-11-05 13:57:20,553 - app.routers.listanegra_router - INFO - Usuario 'aascanio@netpag.cl' consultando datos de Lista Negra con filtros: {}
2025-11-05 13:57:20,861 - app.db_operations - INFO - Ejecutando consulta (paginada) en Lista Negra con params: {}
2025-11-05 13:57:20,866 - app.db_operations - INFO - Ejecutando consulta (paginada) en Lista Negra con params: {}
2025-11-05 13:57:22,179 - app.routers.listanegra_router - INFO - Usuario 'aascanio@netpag.cl' consultando datos de Lista Negra con filtros: {}
2025-11-05 13:57:22,468 - app.db_operations - INFO - Ejecutando consulta (paginada) en Lista Negra con params: {}
2025-11-05 13:57:26,212 - app.routers.listanegra_router - INFO - Usuario 'aascanio@netpag.cl' consultando datos de Lista Negra con filtros: {}
2025-11-05 13:57:27,120 - app.db_operations - INFO - Ejecutando consulta (paginada) en Lista Negra con params: {}
2025-11-05 13:57:28,028 - app.routers.listanegra_router - INFO - Usuario 'aascanio@netpag.cl' consultando datos de Lista Negra con filtros: {}
2025-11-05 13:57:28,783 - app.db_operations - INFO - Ejecutando consulta (paginada) en Lista Negra con params: {}
2025-11-05 14:00:01,368 - app.routers.listanegra_router - INFO - Usuario 'aascanio@netpag.cl' consultando datos de Lista Negra con filtros: {}
2025-11-05 14:00:01,667 - app.db_operations - INFO - Ejecutando consulta (paginada) en Lista Negra con params: {}
2025-11-05 14:00:25,271 - app.routers.listanegra_router - INFO - Usuario 'aascanio@netpag.cl' consultando datos de Lista Negra con filtros: {}
2025-11-05 14:00:25,485 - app.db_operations - INFO - Aplicando orden: PERIODO 1
2025-11-05 14:00:25,486 - app.db_operations - INFO - Ejecutando consulta (paginada) en Lista Negra con params: {}
2025-11-05 14:01:45,420 - app.routers.listanegra_router - INFO - Usuario 'aascanio@netpag.cl' consultando datos de Lista Negra con filtros: {}
2025-11-05 14:01:45,616 - app.db_operations - INFO - Aplicando orden: PERIODO 1
2025-11-05 14:01:45,616 - app.db_operations - INFO - Ejecutando consulta (paginada) en Lista Negra con params: {}
2025-11-05 14:01:53,554 - app.routers.listanegra_router - INFO - Usuario 'aascanio@netpag.cl' consultando datos de Lista Negra con filtros: {}
2025-11-05 14:01:53,871 - app.routers.listanegra_router - INFO - Usuario 'aascanio@netpag.cl' consultando datos de Lista Negra con filtros: {}
2025-11-05 14:01:54,260 - app.db_operations - INFO - Ejecutando consulta (paginada) en Lista Negra con params: {}
2025-11-05 14:01:54,472 - app.db_operations - INFO - Ejecutando consulta (paginada) en Lista Negra con params: {}
2025-11-05 14:02:20,921 - app.routers.listanegra_router - INFO - Usuario 'aascanio@netpag.cl' consultando datos de Lista Negra con filtros: {'RUT': {'operador': 'no_es_nulo'}, 'FONO': {'operador': 'contiene', 'valor': ''}, 'EMAIL': {'operador': 'contiene', 'valor': ''}, 'CLIENTE': {'operador': 'contiene', 'valor': ''}, 'PERIODO': {'operador': 'contiene', 'valor': ''}}
2025-11-05 14:02:21,245 - app.db_operations - INFO - Ejecutando consulta (paginada) en Lista Negra con params: {}
2025-11-05 14:02:33,738 - app.routers.listanegra_router - INFO - Usuario 'aascanio@netpag.cl' consultando datos de Lista Negra con filtros: {'RUT': {'operador': 'no_es_nulo'}, 'FONO': {'operador': 'contiene', 'valor': ''}, 'EMAIL': {'operador': 'contiene', 'valor': ''}, 'CLIENTE': {'operador': 'contiene', 'valor': ''}, 'PERIODO': {'operador': 'contiene', 'valor': ''}}
2025-11-05 14:02:34,064 - app.db_operations - INFO - Aplicando orden: RUT 1
2025-11-05 14:02:34,065 - app.db_operations - INFO - Ejecutando consulta (paginada) en Lista Negra con params: {}
2025-11-05 14:02:35,821 - app.routers.listanegra_router - INFO - Usuario 'aascanio@netpag.cl' consultando datos de Lista Negra con filtros: {'RUT': {'operador': 'no_es_nulo'}, 'FONO': {'operador': 'contiene', 'valor': ''}, 'EMAIL': {'operador': 'contiene', 'valor': ''}, 'CLIENTE': {'operador': 'contiene', 'valor': ''}, 'PERIODO': {'operador': 'contiene', 'valor': ''}}
2025-11-05 14:02:36,096 - app.db_operations - INFO - Aplicando orden: RUT -1
2025-11-05 14:02:36,097 - app.db_operations - INFO - Ejecutando consulta (paginada) en Lista Negra con params: {}
2025-11-05 14:02:40,551 - app.routers.listanegra_router - INFO - Usuario 'aascanio@netpag.cl' consultando datos de Lista Negra con filtros: {'RUT': {'operador': 'no_es_nulo'}, 'FONO': {'operador': 'contiene', 'valor': ''}, 'EMAIL': {'operador': 'contiene', 'valor': ''}, 'CLIENTE': {'operador': 'contiene', 'valor': ''}, 'PERIODO': {'operador': 'contiene', 'valor': ''}}
2025-11-05 14:02:40,791 - app.db_operations - INFO - Aplicando orden: RUT -1
2025-11-05 14:02:40,792 - app.db_operations - INFO - Ejecutando consulta (paginada) en Lista Negra con params: {}
2025-11-05 14:02:45,976 - app.routers.listanegra_router - INFO - Usuario 'aascanio@netpag.cl' consultando datos de Lista Negra con filtros: {'RUT': {'operador': 'no_es_nulo'}, 'FONO': {'operador': 'contiene', 'valor': ''}, 'EMAIL': {'operador': 'contiene', 'valor': ''}, 'CLIENTE': {'operador': 'contiene', 'valor': ''}, 'PERIODO': {'operador': 'contiene', 'valor': ''}}
2025-11-05 14:02:46,328 - app.db_operations - INFO - Aplicando orden: RUT -1
2025-11-05 14:02:46,329 - app.db_operations - INFO - Ejecutando consulta (paginada) en Lista Negra con params: {}
2025-11-05 14:02:50,544 - app.routers.listanegra_router - INFO - Usuario 'aascanio@netpag.cl' consultando datos de Lista Negra con filtros: {'RUT': {'operador': 'no_es_nulo'}, 'FONO': {'operador': 'contiene', 'valor': ''}, 'EMAIL': {'operador': 'contiene', 'valor': ''}, 'CLIENTE': {'operador': 'contiene', 'valor': ''}, 'PERIODO': {'operador': 'contiene', 'valor': ''}}
2025-11-05 14:02:50,849 - app.db_operations - INFO - Aplicando orden: RUT -1
2025-11-05 14:02:50,850 - app.db_operations - INFO - Ejecutando consulta (paginada) en Lista Negra con params: {}
2025-11-05 14:02:55,545 - app.routers.listanegra_router - INFO - Usuario 'aascanio@netpag.cl' consultando datos de Lista Negra con filtros: {'RUT': {'operador': 'no_es_nulo'}, 'FONO': {'operador': 'contiene', 'valor': ''}, 'EMAIL': {'operador': 'contiene', 'valor': ''}, 'CLIENTE': {'operador': 'contiene', 'valor': ''}, 'PERIODO': {'operador': 'contiene', 'valor': ''}}
2025-11-05 14:02:55,806 - app.db_operations - INFO - Aplicando orden: RUT -1
2025-11-05 14:02:55,807 - app.db_operations - INFO - Ejecutando consulta (paginada) en Lista Negra con params: {}
2025-11-05 14:02:59,536 - app.routers.listanegra_router - INFO - Usuario 'aascanio@netpag.cl' consultando datos de Lista Negra con filtros: {'RUT': {'operador': 'no_es_nulo'}, 'FONO': {'operador': 'contiene', 'valor': ''}, 'EMAIL': {'operador': 'contiene', 'valor': ''}, 'CLIENTE': {'operador': 'contiene', 'valor': ''}, 'PERIODO': {'operador': 'contiene', 'valor': ''}}
2025-11-05 14:03:00,130 - app.db_operations - INFO - Aplicando orden: RUT -1
2025-11-05 14:03:00,131 - app.db_operations - INFO - Ejecutando consulta (paginada) en Lista Negra con params: {}
2025-11-05 14:03:00,981 - app.routers.listanegra_router - INFO - Usuario 'aascanio@netpag.cl' consultando datos de Lista Negra con filtros: {'RUT': {'operador': 'no_es_nulo'}, 'FONO': {'operador': 'contiene', 'valor': ''}, 'EMAIL': {'operador': 'contiene', 'valor': ''}, 'CLIENTE': {'operador': 'contiene', 'valor': ''}, 'PERIODO': {'operador': 'contiene', 'valor': ''}}
2025-11-05 14:03:01,368 - app.db_operations - INFO - Aplicando orden: RUT -1
2025-11-05 14:03:01,369 - app.db_operations - INFO - Ejecutando consulta (paginada) en Lista Negra con params: {}
2025-11-05 14:03:06,704 - app.routers.listanegra_router - INFO - Usuario 'aascanio@netpag.cl' consultando datos de Lista Negra con filtros: {'RUT': {'operador': 'no_es_nulo'}, 'FONO': {'operador': 'contiene', 'valor': ''}, 'EMAIL': {'operador': 'contiene', 'valor': ''}, 'CLIENTE': {'operador': 'contiene', 'valor': ''}, 'PERIODO': {'operador': 'contiene', 'valor': ''}}
2025-11-05 14:03:07,102 - app.db_operations - INFO - Aplicando orden: RUT -1
2025-11-05 14:03:07,103 - app.db_operations - INFO - Ejecutando consulta (paginada) en Lista Negra con params: {}
2025-11-05 14:03:10,345 - app.routers.listanegra_router - INFO - Usuario 'aascanio@netpag.cl' consultando datos de Lista Negra con filtros: {'RUT': {'operador': 'no_es_nulo'}, 'FONO': {'operador': 'contiene', 'valor': ''}, 'EMAIL': {'operador': 'contiene', 'valor': ''}, 'CLIENTE': {'operador': 'contiene', 'valor': ''}, 'PERIODO': {'operador': 'contiene', 'valor': ''}}
2025-11-05 14:03:10,675 - app.db_operations - INFO - Aplicando orden: RUT -1
2025-11-05 14:03:10,676 - app.db_operations - INFO - Ejecutando consulta (paginada) en Lista Negra con params: {}
2025-11-05 14:03:11,297 - app.routers.listanegra_router - INFO - Usuario 'aascanio@netpag.cl' consultando datos de Lista Negra con filtros: {'RUT': {'operador': 'no_es_nulo'}, 'FONO': {'operador': 'contiene', 'valor': ''}, 'EMAIL': {'operador': 'contiene', 'valor': ''}, 'CLIENTE': {'operador': 'contiene', 'valor': ''}, 'PERIODO': {'operador': 'contiene', 'valor': ''}}
2025-11-05 14:03:11,566 - app.db_operations - INFO - Aplicando orden: RUT -1
2025-11-05 14:03:11,566 - app.db_operations - INFO - Ejecutando consulta (paginada) en Lista Negra con params: {}
2025-11-05 14:03:12,681 - app.routers.listanegra_router - INFO - Usuario 'aascanio@netpag.cl' consultando datos de Lista Negra con filtros: {'RUT': {'operador': 'no_es_nulo'}, 'FONO': {'operador': 'contiene', 'valor': ''}, 'EMAIL': {'operador': 'contiene', 'valor': ''}, 'CLIENTE': {'operador': 'contiene', 'valor': ''}, 'PERIODO': {'operador': 'contiene', 'valor': ''}}
2025-11-05 14:03:12,978 - app.db_operations - INFO - Aplicando orden: RUT -1
2025-11-05 14:03:12,979 - app.db_operations - INFO - Ejecutando consulta (paginada) en Lista Negra con params: {}
2025-11-05 14:03:14,647 - app.routers.listanegra_router - INFO - Usuario 'aascanio@netpag.cl' consultando datos de Lista Negra con filtros: {'RUT': {'operador': 'no_es_nulo'}, 'FONO': {'operador': 'contiene', 'valor': ''}, 'EMAIL': {'operador': 'contiene', 'valor': ''}, 'CLIENTE': {'operador': 'contiene', 'valor': ''}, 'PERIODO': {'operador': 'contiene', 'valor': ''}}
2025-11-05 14:03:14,985 - app.db_operations - INFO - Aplicando orden: RUT -1
2025-11-05 14:03:14,986 - app.db_operations - INFO - Ejecutando consulta (paginada) en Lista Negra con params: {}
2025-11-05 14:03:16,322 - app.routers.listanegra_router - INFO - Usuario 'aascanio@netpag.cl' consultando datos de Lista Negra con filtros: {'RUT': {'operador': 'no_es_nulo'}, 'FONO': {'operador': 'contiene', 'valor': ''}, 'EMAIL': {'operador': 'contiene', 'valor': ''}, 'CLIENTE': {'operador': 'contiene', 'valor': ''}, 'PERIODO': {'operador': 'contiene', 'valor': ''}}
2025-11-05 14:03:16,659 - app.db_operations - INFO - Aplicando orden: RUT -1
2025-11-05 14:03:16,660 - app.db_operations - INFO - Ejecutando consulta (paginada) en Lista Negra con params: {}
2025-11-05 14:03:17,366 - app.routers.listanegra_router - INFO - Usuario 'aascanio@netpag.cl' consultando datos de Lista Negra con filtros: {'RUT': {'operador': 'no_es_nulo'}, 'FONO': {'operador': 'contiene', 'valor': ''}, 'EMAIL': {'operador': 'contiene', 'valor': ''}, 'CLIENTE': {'operador': 'contiene', 'valor': ''}, 'PERIODO': {'operador': 'contiene', 'valor': ''}}
2025-11-05 14:03:17,687 - app.db_operations - INFO - Aplicando orden: RUT -1
2025-11-05 14:03:17,688 - app.db_operations - INFO - Ejecutando consulta (paginada) en Lista Negra con params: {}
2025-11-05 14:03:18,038 - app.routers.listanegra_router - INFO - Usuario 'aascanio@netpag.cl' consultando datos de Lista Negra con filtros: {'RUT': {'operador': 'no_es_nulo'}, 'FONO': {'operador': 'contiene', 'valor': ''}, 'EMAIL': {'operador': 'contiene', 'valor': ''}, 'CLIENTE': {'operador': 'contiene', 'valor': ''}, 'PERIODO': {'operador': 'contiene', 'valor': ''}}
2025-11-05 14:03:18,620 - app.db_operations - INFO - Aplicando orden: RUT -1
2025-11-05 14:03:18,621 - app.db_operations - INFO - Ejecutando consulta (paginada) en Lista Negra con params: {}
2025-11-05 14:03:38,554 - app.routers.listanegra_router - INFO - Usuario 'aascanio@netpag.cl' consultando datos de Lista Negra con filtros: {'RUT': {'operador': 'no_es_nulo'}, 'FONO': {'operador': 'contiene', 'valor': ''}, 'EMAIL': {'operador': 'contiene', 'valor': ''}, 'CLIENTE': {'operador': 'contiene', 'valor': ''}, 'PERIODO': {'operador': 'contiene', 'valor': ''}}
2025-11-05 14:03:38,821 - app.db_operations - INFO - Aplicando orden: RUT -1
2025-11-05 14:03:38,822 - app.db_operations - INFO - Ejecutando consulta (paginada) en Lista Negra con params: {}
2025-11-05 14:03:56,187 - app.routers.listanegra_router - INFO - Usuario 'aascanio@netpag.cl' consultando datos de Lista Negra con filtros: {'RUT': {'operador': 'no_es_nulo'}, 'FONO': {'operador': 'contiene', 'valor': ''}, 'EMAIL': {'operador': 'contiene', 'valor': ''}, 'CLIENTE': {'operador': 'contiene', 'valor': ''}, 'PERIODO': {'operador': 'contiene', 'valor': ''}}
2025-11-05 14:03:56,543 - app.db_operations - INFO - Aplicando orden: RUT -1
2025-11-05 14:03:56,545 - app.db_operations - INFO - Ejecutando consulta (paginada) en Lista Negra con params: {}
2025-11-05 14:11:24,261 - app.routers.listanegra_router - INFO - Usuario 'aascanio@netpag.cl' consultando datos de Lista Negra con filtros: {}
2025-11-05 14:11:24,266 - app.routers.listanegra_router - INFO - Usuario 'aascanio@netpag.cl' consultando datos de Lista Negra con filtros: {}
2025-11-05 14:11:24,282 - app.db_user_operations - ERROR - FALLO AL REGISTRAR AUDITORÍA: (pyodbc.OperationalError) ('08S01', '[08S01] [Microsoft][ODBC Driver 17 for SQL Server]TCP Provider: Se ha forzado la interrupción de una conexión existente por el host remoto.\r\n (10054) (SQLExecDirectW); [08S01] [Microsoft][ODBC Driver 17 for SQL Server]Communication link failure (10054)')
[SQL: SELECT sys.columns.name, sys.types.name AS name_1, sys.columns.is_nullable, sys.columns.max_length, sys.columns.[precision], sys.columns.scale, sys.default_constraints.definition, sys.columns.collation_name, sys.computed_columns.definition AS definition_1, sys.computed_columns.is_persisted, sys.identity_columns.is_identity, CAST(sys.identity_columns.seed_value AS NUMERIC(38, 0)) AS seed_value, CAST(sys.identity_columns.increment_value AS NUMERIC(38, 0)) AS increment_value, CAST(sys.extended_properties.value AS NVARCHAR(max)) AS comment 
FROM sys.columns JOIN sys.types ON sys.columns.user_type_id = sys.types.user_type_id LEFT OUTER JOIN sys.default_constraints ON sys.default_constraints.object_id = sys.columns.default_object_id AND sys.default_constraints.parent_column_id = sys.columns.column_id LEFT OUTER JOIN sys.computed_columns ON sys.computed_columns.object_id = sys.columns.object_id AND sys.computed_columns.column_id = sys.columns.column_id LEFT OUTER JOIN sys.identity_columns ON sys.identity_columns.object_id = sys.columns.object_id AND sys.identity_columns.column_id = sys.columns.column_id LEFT OUTER JOIN sys.extended_properties ON sys.extended_properties.class = ? AND sys.extended_properties.name = CAST(? AS NVARCHAR(max)) AND sys.columns.object_id = sys.extended_properties.major_id AND sys.columns.column_id = sys.extended_properties.minor_id 
WHERE sys.columns.object_id = object_id(?) ORDER BY sys.columns.column_id]
[parameters: (1, 'MS_Description', 'dbo.[AuditoriaUsuarios]')]
(Background on this error at: https://sqlalche.me/e/20/e3q8)
Traceback (most recent call last):
  File "C:\NETPAG\DesarrolloOrganizado\nueva-intra\backend\venv\Lib\site-packages\sqlalchemy\engine\base.py", line 1967, in _exec_single_context
    self.dialect.do_execute(
    ~~~~~~~~~~~~~~~~~~~~~~~^
        cursor, str_statement, effective_parameters, context
        ^^^^^^^^^^^^^^^^^^^^^^^^^^^^^^^^^^^^^^^^^^^^^^^^^^^^
    )
    ^
  File "C:\NETPAG\DesarrolloOrganizado\nueva-intra\backend\venv\Lib\site-packages\sqlalchemy\engine\default.py", line 951, in do_execute
    cursor.execute(statement, parameters)
    ~~~~~~~~~~~~~~^^^^^^^^^^^^^^^^^^^^^^^
pyodbc.OperationalError: ('08S01', '[08S01] [Microsoft][ODBC Driver 17 for SQL Server]TCP Provider: Se ha forzado la interrupción de una conexión existente por el host remoto.\r\n (10054) (SQLExecDirectW); [08S01] [Microsoft][ODBC Driver 17 for SQL Server]Communication link failure (10054)')

The above exception was the direct cause of the following exception:

Traceback (most recent call last):
  File "C:\NETPAG\DesarrolloOrganizado\nueva-intra\backend\app\db_user_operations.py", line 87, in registrar_accion_db
    tabla = _get_reflected_table("tabla_auditoria")
  File "C:\NETPAG\DesarrolloOrganizado\nueva-intra\backend\app\db_operations.py", line 51, in _get_reflected_table
    tabla = Table(
        info["table_name"],
    ...<2 lines>...
        autoload_with=engine_para_reflejar
    )
  File "<string>", line 2, in __new__
  File "C:\NETPAG\DesarrolloOrganizado\nueva-intra\backend\venv\Lib\site-packages\sqlalchemy\util\deprecations.py", line 281, in warned
    return fn(*args, **kwargs)  # type: ignore[no-any-return]
  File "C:\NETPAG\DesarrolloOrganizado\nueva-intra\backend\venv\Lib\site-packages\sqlalchemy\sql\schema.py", line 429, in __new__
    return cls._new(*args, **kw)
           ~~~~~~~~^^^^^^^^^^^^^
  File "C:\NETPAG\DesarrolloOrganizado\nueva-intra\backend\venv\Lib\site-packages\sqlalchemy\sql\schema.py", line 483, in _new
    with util.safe_reraise():
         ~~~~~~~~~~~~~~~~~^^
  File "C:\NETPAG\DesarrolloOrganizado\nueva-intra\backend\venv\Lib\site-packages\sqlalchemy\util\langhelpers.py", line 224, in __exit__
    raise exc_value.with_traceback(exc_tb)
  File "C:\NETPAG\DesarrolloOrganizado\nueva-intra\backend\venv\Lib\site-packages\sqlalchemy\sql\schema.py", line 479, in _new
    table.__init__(name, metadata, *args, _no_init=False, **kw)  # type: ignore[misc] # noqa: E501
    ~~~~~~~~~~~~~~^^^^^^^^^^^^^^^^^^^^^^^^^^^^^^^^^^^^^^^^^^^^^
  File "C:\NETPAG\DesarrolloOrganizado\nueva-intra\backend\venv\Lib\site-packages\sqlalchemy\sql\schema.py", line 861, in __init__
    self._autoload(
    ~~~~~~~~~~~~~~^
        metadata,
        ^^^^^^^^^
    ...<4 lines>...
        resolve_fks=resolve_fks,
        ^^^^^^^^^^^^^^^^^^^^^^^^
    )
    ^
  File "C:\NETPAG\DesarrolloOrganizado\nueva-intra\backend\venv\Lib\site-packages\sqlalchemy\sql\schema.py", line 893, in _autoload
    conn_insp.reflect_table(
    ~~~~~~~~~~~~~~~~~~~~~~~^
        self,
        ^^^^^
    ...<4 lines>...
        _reflect_info=_reflect_info,
        ^^^^^^^^^^^^^^^^^^^^^^^^^^^^
    )
    ^
  File "C:\NETPAG\DesarrolloOrganizado\nueva-intra\backend\venv\Lib\site-packages\sqlalchemy\engine\reflection.py", line 1536, in reflect_table
    _reflect_info = self._get_reflection_info(
        schema,
    ...<4 lines>...
        **table.dialect_kwargs,
    )
  File "C:\NETPAG\DesarrolloOrganizado\nueva-intra\backend\venv\Lib\site-packages\sqlalchemy\engine\reflection.py", line 2019, in _get_reflection_info
    columns=run(
            ~~~^
        self.get_multi_columns, check_filter_names_from_meth=True
        ^^^^^^^^^^^^^^^^^^^^^^^^^^^^^^^^^^^^^^^^^^^^^^^^^^^^^^^^^
    ),
    ^
  File "C:\NETPAG\DesarrolloOrganizado\nueva-intra\backend\venv\Lib\site-packages\sqlalchemy\engine\reflection.py", line 2005, in run
    res = meth(filter_names=_fn, **kw)
  File "C:\NETPAG\DesarrolloOrganizado\nueva-intra\backend\venv\Lib\site-packages\sqlalchemy\engine\reflection.py", line 931, in get_multi_columns
    table_col_defs = dict(
        self.dialect.get_multi_columns(
    ...<7 lines>...
        )
    )
  File "C:\NETPAG\DesarrolloOrganizado\nueva-intra\backend\venv\Lib\site-packages\sqlalchemy\engine\default.py", line 1135, in _default_multi_reflect
    single_tbl_method(
    ~~~~~~~~~~~~~~~~~^
        connection, table, schema=schema, **kw
        ^^^^^^^^^^^^^^^^^^^^^^^^^^^^^^^^^^^^^^
    ),
    ^
  File "<string>", line 2, in get_columns
  File "C:\NETPAG\DesarrolloOrganizado\nueva-intra\backend\venv\Lib\site-packages\sqlalchemy\engine\reflection.py", line 106, in cache
    ret = fn(self, con, *args, **kw)
  File "C:\NETPAG\DesarrolloOrganizado\nueva-intra\backend\venv\Lib\site-packages\sqlalchemy\dialects\mssql\base.py", line 2902, in wrap
    return _switch_db(
        dbname,
    ...<8 lines>...
        **kw,
    )
  File "C:\NETPAG\DesarrolloOrganizado\nueva-intra\backend\venv\Lib\site-packages\sqlalchemy\dialects\mssql\base.py", line 2926, in _switch_db
    return fn(*arg, **kw)
  File "C:\NETPAG\DesarrolloOrganizado\nueva-intra\backend\venv\Lib\site-packages\sqlalchemy\dialects\mssql\base.py", line 3740, in get_columns
    c = connection.execution_options(**exec_opts).execute(s)
  File "C:\NETPAG\DesarrolloOrganizado\nueva-intra\backend\venv\Lib\site-packages\sqlalchemy\engine\base.py", line 1419, in execute
    return meth(
        self,
        distilled_parameters,
        execution_options or NO_OPTIONS,
    )
  File "C:\NETPAG\DesarrolloOrganizado\nueva-intra\backend\venv\Lib\site-packages\sqlalchemy\sql\elements.py", line 526, in _execute_on_connection
    return connection._execute_clauseelement(
           ~~~~~~~~~~~~~~~~~~~~~~~~~~~~~~~~~^
        self, distilled_params, execution_options
        ^^^^^^^^^^^^^^^^^^^^^^^^^^^^^^^^^^^^^^^^^
    )
    ^
  File "C:\NETPAG\DesarrolloOrganizado\nueva-intra\backend\venv\Lib\site-packages\sqlalchemy\engine\base.py", line 1641, in _execute_clauseelement
    ret = self._execute_context(
        dialect,
    ...<8 lines>...
        cache_hit=cache_hit,
    )
  File "C:\NETPAG\DesarrolloOrganizado\nueva-intra\backend\venv\Lib\site-packages\sqlalchemy\engine\base.py", line 1846, in _execute_context
    return self._exec_single_context(
           ~~~~~~~~~~~~~~~~~~~~~~~~~^
        dialect, context, statement, parameters
        ^^^^^^^^^^^^^^^^^^^^^^^^^^^^^^^^^^^^^^^
    )
    ^
  File "C:\NETPAG\DesarrolloOrganizado\nueva-intra\backend\venv\Lib\site-packages\sqlalchemy\engine\base.py", line 1986, in _exec_single_context
    self._handle_dbapi_exception(
    ~~~~~~~~~~~~~~~~~~~~~~~~~~~~^
        e, str_statement, effective_parameters, cursor, context
        ^^^^^^^^^^^^^^^^^^^^^^^^^^^^^^^^^^^^^^^^^^^^^^^^^^^^^^^
    )
    ^
  File "C:\NETPAG\DesarrolloOrganizado\nueva-intra\backend\venv\Lib\site-packages\sqlalchemy\engine\base.py", line 2355, in _handle_dbapi_exception
    raise sqlalchemy_exception.with_traceback(exc_info[2]) from e
  File "C:\NETPAG\DesarrolloOrganizado\nueva-intra\backend\venv\Lib\site-packages\sqlalchemy\engine\base.py", line 1967, in _exec_single_context
    self.dialect.do_execute(
    ~~~~~~~~~~~~~~~~~~~~~~~^
        cursor, str_statement, effective_parameters, context
        ^^^^^^^^^^^^^^^^^^^^^^^^^^^^^^^^^^^^^^^^^^^^^^^^^^^^
    )
    ^
  File "C:\NETPAG\DesarrolloOrganizado\nueva-intra\backend\venv\Lib\site-packages\sqlalchemy\engine\default.py", line 951, in do_execute
    cursor.execute(statement, parameters)
    ~~~~~~~~~~~~~~^^^^^^^^^^^^^^^^^^^^^^^
sqlalchemy.exc.OperationalError: (pyodbc.OperationalError) ('08S01', '[08S01] [Microsoft][ODBC Driver 17 for SQL Server]TCP Provider: Se ha forzado la interrupción de una conexión existente por el host remoto.\r\n (10054) (SQLExecDirectW); [08S01] [Microsoft][ODBC Driver 17 for SQL Server]Communication link failure (10054)')
[SQL: SELECT sys.columns.name, sys.types.name AS name_1, sys.columns.is_nullable, sys.columns.max_length, sys.columns.[precision], sys.columns.scale, sys.default_constraints.definition, sys.columns.collation_name, sys.computed_columns.definition AS definition_1, sys.computed_columns.is_persisted, sys.identity_columns.is_identity, CAST(sys.identity_columns.seed_value AS NUMERIC(38, 0)) AS seed_value, CAST(sys.identity_columns.increment_value AS NUMERIC(38, 0)) AS increment_value, CAST(sys.extended_properties.value AS NVARCHAR(max)) AS comment 
FROM sys.columns JOIN sys.types ON sys.columns.user_type_id = sys.types.user_type_id LEFT OUTER JOIN sys.default_constraints ON sys.default_constraints.object_id = sys.columns.default_object_id AND sys.default_constraints.parent_column_id = sys.columns.column_id LEFT OUTER JOIN sys.computed_columns ON sys.computed_columns.object_id = sys.columns.object_id AND sys.computed_columns.column_id = sys.columns.column_id LEFT OUTER JOIN sys.identity_columns ON sys.identity_columns.object_id = sys.columns.object_id AND sys.identity_columns.column_id = sys.columns.column_id LEFT OUTER JOIN sys.extended_properties ON sys.extended_properties.class = ? AND sys.extended_properties.name = CAST(? AS NVARCHAR(max)) AND sys.columns.object_id = sys.extended_properties.major_id AND sys.columns.column_id = sys.extended_properties.minor_id 
WHERE sys.columns.object_id = object_id(?) ORDER BY sys.columns.column_id]
[parameters: (1, 'MS_Description', 'dbo.[AuditoriaUsuarios]')]
(Background on this error at: https://sqlalche.me/e/20/e3q8)
2025-11-05 14:11:24,285 - app.db_user_operations - ERROR - FALLO AL REGISTRAR AUDITORÍA: (pyodbc.OperationalError) ('08S01', '[08S01] [Microsoft][ODBC Driver 17 for SQL Server]TCP Provider: Se ha forzado la interrupción de una conexión existente por el host remoto.\r\n (10054) (SQLExecDirectW); [08S01] [Microsoft][ODBC Driver 17 for SQL Server]Communication link failure (10054)')
[SQL: SELECT sys.columns.name, sys.types.name AS name_1, sys.columns.is_nullable, sys.columns.max_length, sys.columns.[precision], sys.columns.scale, sys.default_constraints.definition, sys.columns.collation_name, sys.computed_columns.definition AS definition_1, sys.computed_columns.is_persisted, sys.identity_columns.is_identity, CAST(sys.identity_columns.seed_value AS NUMERIC(38, 0)) AS seed_value, CAST(sys.identity_columns.increment_value AS NUMERIC(38, 0)) AS increment_value, CAST(sys.extended_properties.value AS NVARCHAR(max)) AS comment 
FROM sys.columns JOIN sys.types ON sys.columns.user_type_id = sys.types.user_type_id LEFT OUTER JOIN sys.default_constraints ON sys.default_constraints.object_id = sys.columns.default_object_id AND sys.default_constraints.parent_column_id = sys.columns.column_id LEFT OUTER JOIN sys.computed_columns ON sys.computed_columns.object_id = sys.columns.object_id AND sys.computed_columns.column_id = sys.columns.column_id LEFT OUTER JOIN sys.identity_columns ON sys.identity_columns.object_id = sys.columns.object_id AND sys.identity_columns.column_id = sys.columns.column_id LEFT OUTER JOIN sys.extended_properties ON sys.extended_properties.class = ? AND sys.extended_properties.name = CAST(? AS NVARCHAR(max)) AND sys.columns.object_id = sys.extended_properties.major_id AND sys.columns.column_id = sys.extended_properties.minor_id 
WHERE sys.columns.object_id = object_id(?) ORDER BY sys.columns.column_id]
[parameters: (1, 'MS_Description', 'dbo.[AuditoriaUsuarios]')]
(Background on this error at: https://sqlalche.me/e/20/e3q8)
Traceback (most recent call last):
  File "C:\NETPAG\DesarrolloOrganizado\nueva-intra\backend\venv\Lib\site-packages\sqlalchemy\engine\base.py", line 1967, in _exec_single_context
    self.dialect.do_execute(
    ~~~~~~~~~~~~~~~~~~~~~~~^
        cursor, str_statement, effective_parameters, context
        ^^^^^^^^^^^^^^^^^^^^^^^^^^^^^^^^^^^^^^^^^^^^^^^^^^^^
    )
    ^
  File "C:\NETPAG\DesarrolloOrganizado\nueva-intra\backend\venv\Lib\site-packages\sqlalchemy\engine\default.py", line 951, in do_execute
    cursor.execute(statement, parameters)
    ~~~~~~~~~~~~~~^^^^^^^^^^^^^^^^^^^^^^^
pyodbc.OperationalError: ('08S01', '[08S01] [Microsoft][ODBC Driver 17 for SQL Server]TCP Provider: Se ha forzado la interrupción de una conexión existente por el host remoto.\r\n (10054) (SQLExecDirectW); [08S01] [Microsoft][ODBC Driver 17 for SQL Server]Communication link failure (10054)')

The above exception was the direct cause of the following exception:

Traceback (most recent call last):
  File "C:\NETPAG\DesarrolloOrganizado\nueva-intra\backend\app\db_user_operations.py", line 87, in registrar_accion_db
    tabla = _get_reflected_table("tabla_auditoria")
  File "C:\NETPAG\DesarrolloOrganizado\nueva-intra\backend\app\db_operations.py", line 51, in _get_reflected_table
    tabla = Table(
        info["table_name"],
    ...<2 lines>...
        autoload_with=engine_para_reflejar
    )
  File "<string>", line 2, in __new__
  File "C:\NETPAG\DesarrolloOrganizado\nueva-intra\backend\venv\Lib\site-packages\sqlalchemy\util\deprecations.py", line 281, in warned
    return fn(*args, **kwargs)  # type: ignore[no-any-return]
  File "C:\NETPAG\DesarrolloOrganizado\nueva-intra\backend\venv\Lib\site-packages\sqlalchemy\sql\schema.py", line 429, in __new__
    return cls._new(*args, **kw)
           ~~~~~~~~^^^^^^^^^^^^^
  File "C:\NETPAG\DesarrolloOrganizado\nueva-intra\backend\venv\Lib\site-packages\sqlalchemy\sql\schema.py", line 483, in _new
    with util.safe_reraise():
         ~~~~~~~~~~~~~~~~~^^
  File "C:\NETPAG\DesarrolloOrganizado\nueva-intra\backend\venv\Lib\site-packages\sqlalchemy\util\langhelpers.py", line 224, in __exit__
    raise exc_value.with_traceback(exc_tb)
  File "C:\NETPAG\DesarrolloOrganizado\nueva-intra\backend\venv\Lib\site-packages\sqlalchemy\sql\schema.py", line 479, in _new
    table.__init__(name, metadata, *args, _no_init=False, **kw)  # type: ignore[misc] # noqa: E501
    ~~~~~~~~~~~~~~^^^^^^^^^^^^^^^^^^^^^^^^^^^^^^^^^^^^^^^^^^^^^
  File "C:\NETPAG\DesarrolloOrganizado\nueva-intra\backend\venv\Lib\site-packages\sqlalchemy\sql\schema.py", line 861, in __init__
    self._autoload(
    ~~~~~~~~~~~~~~^
        metadata,
        ^^^^^^^^^
    ...<4 lines>...
        resolve_fks=resolve_fks,
        ^^^^^^^^^^^^^^^^^^^^^^^^
    )
    ^
  File "C:\NETPAG\DesarrolloOrganizado\nueva-intra\backend\venv\Lib\site-packages\sqlalchemy\sql\schema.py", line 893, in _autoload
    conn_insp.reflect_table(
    ~~~~~~~~~~~~~~~~~~~~~~~^
        self,
        ^^^^^
    ...<4 lines>...
        _reflect_info=_reflect_info,
        ^^^^^^^^^^^^^^^^^^^^^^^^^^^^
    )
    ^
  File "C:\NETPAG\DesarrolloOrganizado\nueva-intra\backend\venv\Lib\site-packages\sqlalchemy\engine\reflection.py", line 1536, in reflect_table
    _reflect_info = self._get_reflection_info(
        schema,
    ...<4 lines>...
        **table.dialect_kwargs,
    )
  File "C:\NETPAG\DesarrolloOrganizado\nueva-intra\backend\venv\Lib\site-packages\sqlalchemy\engine\reflection.py", line 2019, in _get_reflection_info
    columns=run(
            ~~~^
        self.get_multi_columns, check_filter_names_from_meth=True
        ^^^^^^^^^^^^^^^^^^^^^^^^^^^^^^^^^^^^^^^^^^^^^^^^^^^^^^^^^
    ),
    ^
  File "C:\NETPAG\DesarrolloOrganizado\nueva-intra\backend\venv\Lib\site-packages\sqlalchemy\engine\reflection.py", line 2005, in run
    res = meth(filter_names=_fn, **kw)
  File "C:\NETPAG\DesarrolloOrganizado\nueva-intra\backend\venv\Lib\site-packages\sqlalchemy\engine\reflection.py", line 931, in get_multi_columns
    table_col_defs = dict(
        self.dialect.get_multi_columns(
    ...<7 lines>...
        )
    )
  File "C:\NETPAG\DesarrolloOrganizado\nueva-intra\backend\venv\Lib\site-packages\sqlalchemy\engine\default.py", line 1135, in _default_multi_reflect
    single_tbl_method(
    ~~~~~~~~~~~~~~~~~^
        connection, table, schema=schema, **kw
        ^^^^^^^^^^^^^^^^^^^^^^^^^^^^^^^^^^^^^^
    ),
    ^
  File "<string>", line 2, in get_columns
  File "C:\NETPAG\DesarrolloOrganizado\nueva-intra\backend\venv\Lib\site-packages\sqlalchemy\engine\reflection.py", line 106, in cache
    ret = fn(self, con, *args, **kw)
  File "C:\NETPAG\DesarrolloOrganizado\nueva-intra\backend\venv\Lib\site-packages\sqlalchemy\dialects\mssql\base.py", line 2902, in wrap
    return _switch_db(
        dbname,
    ...<8 lines>...
        **kw,
    )
  File "C:\NETPAG\DesarrolloOrganizado\nueva-intra\backend\venv\Lib\site-packages\sqlalchemy\dialects\mssql\base.py", line 2926, in _switch_db
    return fn(*arg, **kw)
  File "C:\NETPAG\DesarrolloOrganizado\nueva-intra\backend\venv\Lib\site-packages\sqlalchemy\dialects\mssql\base.py", line 3740, in get_columns
    c = connection.execution_options(**exec_opts).execute(s)
  File "C:\NETPAG\DesarrolloOrganizado\nueva-intra\backend\venv\Lib\site-packages\sqlalchemy\engine\base.py", line 1419, in execute
    return meth(
        self,
        distilled_parameters,
        execution_options or NO_OPTIONS,
    )
  File "C:\NETPAG\DesarrolloOrganizado\nueva-intra\backend\venv\Lib\site-packages\sqlalchemy\sql\elements.py", line 526, in _execute_on_connection
    return connection._execute_clauseelement(
           ~~~~~~~~~~~~~~~~~~~~~~~~~~~~~~~~~^
        self, distilled_params, execution_options
        ^^^^^^^^^^^^^^^^^^^^^^^^^^^^^^^^^^^^^^^^^
    )
    ^
  File "C:\NETPAG\DesarrolloOrganizado\nueva-intra\backend\venv\Lib\site-packages\sqlalchemy\engine\base.py", line 1641, in _execute_clauseelement
    ret = self._execute_context(
        dialect,
    ...<8 lines>...
        cache_hit=cache_hit,
    )
  File "C:\NETPAG\DesarrolloOrganizado\nueva-intra\backend\venv\Lib\site-packages\sqlalchemy\engine\base.py", line 1846, in _execute_context
    return self._exec_single_context(
           ~~~~~~~~~~~~~~~~~~~~~~~~~^
        dialect, context, statement, parameters
        ^^^^^^^^^^^^^^^^^^^^^^^^^^^^^^^^^^^^^^^
    )
    ^
  File "C:\NETPAG\DesarrolloOrganizado\nueva-intra\backend\venv\Lib\site-packages\sqlalchemy\engine\base.py", line 1986, in _exec_single_context
    self._handle_dbapi_exception(
    ~~~~~~~~~~~~~~~~~~~~~~~~~~~~^
        e, str_statement, effective_parameters, cursor, context
        ^^^^^^^^^^^^^^^^^^^^^^^^^^^^^^^^^^^^^^^^^^^^^^^^^^^^^^^
    )
    ^
  File "C:\NETPAG\DesarrolloOrganizado\nueva-intra\backend\venv\Lib\site-packages\sqlalchemy\engine\base.py", line 2355, in _handle_dbapi_exception
    raise sqlalchemy_exception.with_traceback(exc_info[2]) from e
  File "C:\NETPAG\DesarrolloOrganizado\nueva-intra\backend\venv\Lib\site-packages\sqlalchemy\engine\base.py", line 1967, in _exec_single_context
    self.dialect.do_execute(
    ~~~~~~~~~~~~~~~~~~~~~~~^
        cursor, str_statement, effective_parameters, context
        ^^^^^^^^^^^^^^^^^^^^^^^^^^^^^^^^^^^^^^^^^^^^^^^^^^^^
    )
    ^
  File "C:\NETPAG\DesarrolloOrganizado\nueva-intra\backend\venv\Lib\site-packages\sqlalchemy\engine\default.py", line 951, in do_execute
    cursor.execute(statement, parameters)
    ~~~~~~~~~~~~~~^^^^^^^^^^^^^^^^^^^^^^^
sqlalchemy.exc.OperationalError: (pyodbc.OperationalError) ('08S01', '[08S01] [Microsoft][ODBC Driver 17 for SQL Server]TCP Provider: Se ha forzado la interrupción de una conexión existente por el host remoto.\r\n (10054) (SQLExecDirectW); [08S01] [Microsoft][ODBC Driver 17 for SQL Server]Communication link failure (10054)')
[SQL: SELECT sys.columns.name, sys.types.name AS name_1, sys.columns.is_nullable, sys.columns.max_length, sys.columns.[precision], sys.columns.scale, sys.default_constraints.definition, sys.columns.collation_name, sys.computed_columns.definition AS definition_1, sys.computed_columns.is_persisted, sys.identity_columns.is_identity, CAST(sys.identity_columns.seed_value AS NUMERIC(38, 0)) AS seed_value, CAST(sys.identity_columns.increment_value AS NUMERIC(38, 0)) AS increment_value, CAST(sys.extended_properties.value AS NVARCHAR(max)) AS comment 
FROM sys.columns JOIN sys.types ON sys.columns.user_type_id = sys.types.user_type_id LEFT OUTER JOIN sys.default_constraints ON sys.default_constraints.object_id = sys.columns.default_object_id AND sys.default_constraints.parent_column_id = sys.columns.column_id LEFT OUTER JOIN sys.computed_columns ON sys.computed_columns.object_id = sys.columns.object_id AND sys.computed_columns.column_id = sys.columns.column_id LEFT OUTER JOIN sys.identity_columns ON sys.identity_columns.object_id = sys.columns.object_id AND sys.identity_columns.column_id = sys.columns.column_id LEFT OUTER JOIN sys.extended_properties ON sys.extended_properties.class = ? AND sys.extended_properties.name = CAST(? AS NVARCHAR(max)) AND sys.columns.object_id = sys.extended_properties.major_id AND sys.columns.column_id = sys.extended_properties.minor_id 
WHERE sys.columns.object_id = object_id(?) ORDER BY sys.columns.column_id]
[parameters: (1, 'MS_Description', 'dbo.[AuditoriaUsuarios]')]
(Background on this error at: https://sqlalche.me/e/20/e3q8)
2025-11-05 14:11:24,615 - app.db_operations - ERROR - Error al CONTAR datos de lista_negra: (pyodbc.OperationalError) ('08S01', '[08S01] [Microsoft][ODBC Driver 17 for SQL Server]TCP Provider: Se ha forzado la interrupción de una conexión existente por el host remoto.\r\n (10054) (SQLExecDirectW); [08S01] [Microsoft][ODBC Driver 17 for SQL Server]Communication link failure (10054)')
[SQL: SELECT count(*) AS count_1 
FROM dbo.lista_negra]
(Background on this error at: https://sqlalche.me/e/20/e3q8)
Traceback (most recent call last):
  File "C:\NETPAG\DesarrolloOrganizado\nueva-intra\backend\venv\Lib\site-packages\sqlalchemy\engine\base.py", line 1967, in _exec_single_context
    self.dialect.do_execute(
    ~~~~~~~~~~~~~~~~~~~~~~~^
        cursor, str_statement, effective_parameters, context
        ^^^^^^^^^^^^^^^^^^^^^^^^^^^^^^^^^^^^^^^^^^^^^^^^^^^^
    )
    ^
  File "C:\NETPAG\DesarrolloOrganizado\nueva-intra\backend\venv\Lib\site-packages\sqlalchemy\engine\default.py", line 951, in do_execute
    cursor.execute(statement, parameters)
    ~~~~~~~~~~~~~~^^^^^^^^^^^^^^^^^^^^^^^
pyodbc.OperationalError: ('08S01', '[08S01] [Microsoft][ODBC Driver 17 for SQL Server]TCP Provider: Se ha forzado la interrupción de una conexión existente por el host remoto.\r\n (10054) (SQLExecDirectW); [08S01] [Microsoft][ODBC Driver 17 for SQL Server]Communication link failure (10054)')

The above exception was the direct cause of the following exception:

Traceback (most recent call last):
  File "C:\NETPAG\DesarrolloOrganizado\nueva-intra\backend\app\db_operations.py", line 451, in contar_datos_listanegra
    result = db_session.execute(stmt, params).scalar_one_or_none()
             ~~~~~~~~~~~~~~~~~~^^^^^^^^^^^^^^
  File "C:\NETPAG\DesarrolloOrganizado\nueva-intra\backend\venv\Lib\site-packages\sqlalchemy\engine\base.py", line 1419, in execute
    return meth(
        self,
        distilled_parameters,
        execution_options or NO_OPTIONS,
    )
  File "C:\NETPAG\DesarrolloOrganizado\nueva-intra\backend\venv\Lib\site-packages\sqlalchemy\sql\elements.py", line 526, in _execute_on_connection
    return connection._execute_clauseelement(
           ~~~~~~~~~~~~~~~~~~~~~~~~~~~~~~~~~^
        self, distilled_params, execution_options
        ^^^^^^^^^^^^^^^^^^^^^^^^^^^^^^^^^^^^^^^^^
    )
    ^
  File "C:\NETPAG\DesarrolloOrganizado\nueva-intra\backend\venv\Lib\site-packages\sqlalchemy\engine\base.py", line 1641, in _execute_clauseelement
    ret = self._execute_context(
        dialect,
    ...<8 lines>...
        cache_hit=cache_hit,
    )
  File "C:\NETPAG\DesarrolloOrganizado\nueva-intra\backend\venv\Lib\site-packages\sqlalchemy\engine\base.py", line 1846, in _execute_context
    return self._exec_single_context(
           ~~~~~~~~~~~~~~~~~~~~~~~~~^
        dialect, context, statement, parameters
        ^^^^^^^^^^^^^^^^^^^^^^^^^^^^^^^^^^^^^^^
    )
    ^
  File "C:\NETPAG\DesarrolloOrganizado\nueva-intra\backend\venv\Lib\site-packages\sqlalchemy\engine\base.py", line 1986, in _exec_single_context
    self._handle_dbapi_exception(
    ~~~~~~~~~~~~~~~~~~~~~~~~~~~~^
        e, str_statement, effective_parameters, cursor, context
        ^^^^^^^^^^^^^^^^^^^^^^^^^^^^^^^^^^^^^^^^^^^^^^^^^^^^^^^
    )
    ^
  File "C:\NETPAG\DesarrolloOrganizado\nueva-intra\backend\venv\Lib\site-packages\sqlalchemy\engine\base.py", line 2355, in _handle_dbapi_exception
    raise sqlalchemy_exception.with_traceback(exc_info[2]) from e
  File "C:\NETPAG\DesarrolloOrganizado\nueva-intra\backend\venv\Lib\site-packages\sqlalchemy\engine\base.py", line 1967, in _exec_single_context
    self.dialect.do_execute(
    ~~~~~~~~~~~~~~~~~~~~~~~^
        cursor, str_statement, effective_parameters, context
        ^^^^^^^^^^^^^^^^^^^^^^^^^^^^^^^^^^^^^^^^^^^^^^^^^^^^
    )
    ^
  File "C:\NETPAG\DesarrolloOrganizado\nueva-intra\backend\venv\Lib\site-packages\sqlalchemy\engine\default.py", line 951, in do_execute
    cursor.execute(statement, parameters)
    ~~~~~~~~~~~~~~^^^^^^^^^^^^^^^^^^^^^^^
sqlalchemy.exc.OperationalError: (pyodbc.OperationalError) ('08S01', '[08S01] [Microsoft][ODBC Driver 17 for SQL Server]TCP Provider: Se ha forzado la interrupción de una conexión existente por el host remoto.\r\n (10054) (SQLExecDirectW); [08S01] [Microsoft][ODBC Driver 17 for SQL Server]Communication link failure (10054)')
[SQL: SELECT count(*) AS count_1 
FROM dbo.lista_negra]
(Background on this error at: https://sqlalche.me/e/20/e3q8)
2025-11-05 14:11:24,636 - app.routers.listanegra_router - ERROR - Error al obtener datos de Lista Negra: (pyodbc.OperationalError) ('08S01', '[08S01] [Microsoft][ODBC Driver 17 for SQL Server]TCP Provider: Se ha forzado la interrupción de una conexión existente por el host remoto.\r\n (10054) (SQLExecDirectW); [08S01] [Microsoft][ODBC Driver 17 for SQL Server]Communication link failure (10054)')
[SQL: SELECT count(*) AS count_1 
FROM dbo.lista_negra]
(Background on this error at: https://sqlalche.me/e/20/e3q8)
Traceback (most recent call last):
  File "C:\NETPAG\DesarrolloOrganizado\nueva-intra\backend\venv\Lib\site-packages\sqlalchemy\engine\base.py", line 1967, in _exec_single_context
    self.dialect.do_execute(
    ~~~~~~~~~~~~~~~~~~~~~~~^
        cursor, str_statement, effective_parameters, context
        ^^^^^^^^^^^^^^^^^^^^^^^^^^^^^^^^^^^^^^^^^^^^^^^^^^^^
    )
    ^
  File "C:\NETPAG\DesarrolloOrganizado\nueva-intra\backend\venv\Lib\site-packages\sqlalchemy\engine\default.py", line 951, in do_execute
    cursor.execute(statement, parameters)
    ~~~~~~~~~~~~~~^^^^^^^^^^^^^^^^^^^^^^^
pyodbc.OperationalError: ('08S01', '[08S01] [Microsoft][ODBC Driver 17 for SQL Server]TCP Provider: Se ha forzado la interrupción de una conexión existente por el host remoto.\r\n (10054) (SQLExecDirectW); [08S01] [Microsoft][ODBC Driver 17 for SQL Server]Communication link failure (10054)')

The above exception was the direct cause of the following exception:

Traceback (most recent call last):
  File "C:\NETPAG\DesarrolloOrganizado\nueva-intra\backend\app\routers\listanegra_router.py", line 72, in get_listanegra_data
    total_rows = db_ops.contar_datos_listanegra(
        db, filtros=req.filtros
    )
  File "C:\NETPAG\DesarrolloOrganizado\nueva-intra\backend\app\db_operations.py", line 455, in contar_datos_listanegra
    raise e
  File "C:\NETPAG\DesarrolloOrganizado\nueva-intra\backend\app\db_operations.py", line 451, in contar_datos_listanegra
    result = db_session.execute(stmt, params).scalar_one_or_none()
             ~~~~~~~~~~~~~~~~~~^^^^^^^^^^^^^^
  File "C:\NETPAG\DesarrolloOrganizado\nueva-intra\backend\venv\Lib\site-packages\sqlalchemy\engine\base.py", line 1419, in execute
    return meth(
        self,
        distilled_parameters,
        execution_options or NO_OPTIONS,
    )
  File "C:\NETPAG\DesarrolloOrganizado\nueva-intra\backend\venv\Lib\site-packages\sqlalchemy\sql\elements.py", line 526, in _execute_on_connection
    return connection._execute_clauseelement(
           ~~~~~~~~~~~~~~~~~~~~~~~~~~~~~~~~~^
        self, distilled_params, execution_options
        ^^^^^^^^^^^^^^^^^^^^^^^^^^^^^^^^^^^^^^^^^
    )
    ^
  File "C:\NETPAG\DesarrolloOrganizado\nueva-intra\backend\venv\Lib\site-packages\sqlalchemy\engine\base.py", line 1641, in _execute_clauseelement
    ret = self._execute_context(
        dialect,
    ...<8 lines>...
        cache_hit=cache_hit,
    )
  File "C:\NETPAG\DesarrolloOrganizado\nueva-intra\backend\venv\Lib\site-packages\sqlalchemy\engine\base.py", line 1846, in _execute_context
    return self._exec_single_context(
           ~~~~~~~~~~~~~~~~~~~~~~~~~^
        dialect, context, statement, parameters
        ^^^^^^^^^^^^^^^^^^^^^^^^^^^^^^^^^^^^^^^
    )
    ^
  File "C:\NETPAG\DesarrolloOrganizado\nueva-intra\backend\venv\Lib\site-packages\sqlalchemy\engine\base.py", line 1986, in _exec_single_context
    self._handle_dbapi_exception(
    ~~~~~~~~~~~~~~~~~~~~~~~~~~~~^
        e, str_statement, effective_parameters, cursor, context
        ^^^^^^^^^^^^^^^^^^^^^^^^^^^^^^^^^^^^^^^^^^^^^^^^^^^^^^^
    )
    ^
  File "C:\NETPAG\DesarrolloOrganizado\nueva-intra\backend\venv\Lib\site-packages\sqlalchemy\engine\base.py", line 2355, in _handle_dbapi_exception
    raise sqlalchemy_exception.with_traceback(exc_info[2]) from e
  File "C:\NETPAG\DesarrolloOrganizado\nueva-intra\backend\venv\Lib\site-packages\sqlalchemy\engine\base.py", line 1967, in _exec_single_context
    self.dialect.do_execute(
    ~~~~~~~~~~~~~~~~~~~~~~~^
        cursor, str_statement, effective_parameters, context
        ^^^^^^^^^^^^^^^^^^^^^^^^^^^^^^^^^^^^^^^^^^^^^^^^^^^^
    )
    ^
  File "C:\NETPAG\DesarrolloOrganizado\nueva-intra\backend\venv\Lib\site-packages\sqlalchemy\engine\default.py", line 951, in do_execute
    cursor.execute(statement, parameters)
    ~~~~~~~~~~~~~~^^^^^^^^^^^^^^^^^^^^^^^
sqlalchemy.exc.OperationalError: (pyodbc.OperationalError) ('08S01', '[08S01] [Microsoft][ODBC Driver 17 for SQL Server]TCP Provider: Se ha forzado la interrupción de una conexión existente por el host remoto.\r\n (10054) (SQLExecDirectW); [08S01] [Microsoft][ODBC Driver 17 for SQL Server]Communication link failure (10054)')
[SQL: SELECT count(*) AS count_1 
FROM dbo.lista_negra]
(Background on this error at: https://sqlalche.me/e/20/e3q8)
2025-11-05 14:11:24,650 - app.db_operations - ERROR - Error al CONTAR datos de lista_negra: (pyodbc.OperationalError) ('08S01', '[08S01] [Microsoft][ODBC Driver 17 for SQL Server]TCP Provider: Se ha forzado la interrupción de una conexión existente por el host remoto.\r\n (10054) (SQLExecDirectW); [08S01] [Microsoft][ODBC Driver 17 for SQL Server]Communication link failure (10054)')
[SQL: SELECT count(*) AS count_1 
FROM dbo.lista_negra]
(Background on this error at: https://sqlalche.me/e/20/e3q8)
Traceback (most recent call last):
  File "C:\NETPAG\DesarrolloOrganizado\nueva-intra\backend\venv\Lib\site-packages\sqlalchemy\engine\base.py", line 1967, in _exec_single_context
    self.dialect.do_execute(
    ~~~~~~~~~~~~~~~~~~~~~~~^
        cursor, str_statement, effective_parameters, context
        ^^^^^^^^^^^^^^^^^^^^^^^^^^^^^^^^^^^^^^^^^^^^^^^^^^^^
    )
    ^
  File "C:\NETPAG\DesarrolloOrganizado\nueva-intra\backend\venv\Lib\site-packages\sqlalchemy\engine\default.py", line 951, in do_execute
    cursor.execute(statement, parameters)
    ~~~~~~~~~~~~~~^^^^^^^^^^^^^^^^^^^^^^^
pyodbc.OperationalError: ('08S01', '[08S01] [Microsoft][ODBC Driver 17 for SQL Server]TCP Provider: Se ha forzado la interrupción de una conexión existente por el host remoto.\r\n (10054) (SQLExecDirectW); [08S01] [Microsoft][ODBC Driver 17 for SQL Server]Communication link failure (10054)')

The above exception was the direct cause of the following exception:

Traceback (most recent call last):
  File "C:\NETPAG\DesarrolloOrganizado\nueva-intra\backend\app\db_operations.py", line 451, in contar_datos_listanegra
    result = db_session.execute(stmt, params).scalar_one_or_none()
             ~~~~~~~~~~~~~~~~~~^^^^^^^^^^^^^^
  File "C:\NETPAG\DesarrolloOrganizado\nueva-intra\backend\venv\Lib\site-packages\sqlalchemy\engine\base.py", line 1419, in execute
    return meth(
        self,
        distilled_parameters,
        execution_options or NO_OPTIONS,
    )
  File "C:\NETPAG\DesarrolloOrganizado\nueva-intra\backend\venv\Lib\site-packages\sqlalchemy\sql\elements.py", line 526, in _execute_on_connection
    return connection._execute_clauseelement(
           ~~~~~~~~~~~~~~~~~~~~~~~~~~~~~~~~~^
        self, distilled_params, execution_options
        ^^^^^^^^^^^^^^^^^^^^^^^^^^^^^^^^^^^^^^^^^
    )
    ^
  File "C:\NETPAG\DesarrolloOrganizado\nueva-intra\backend\venv\Lib\site-packages\sqlalchemy\engine\base.py", line 1641, in _execute_clauseelement
    ret = self._execute_context(
        dialect,
    ...<8 lines>...
        cache_hit=cache_hit,
    )
  File "C:\NETPAG\DesarrolloOrganizado\nueva-intra\backend\venv\Lib\site-packages\sqlalchemy\engine\base.py", line 1846, in _execute_context
    return self._exec_single_context(
           ~~~~~~~~~~~~~~~~~~~~~~~~~^
        dialect, context, statement, parameters
        ^^^^^^^^^^^^^^^^^^^^^^^^^^^^^^^^^^^^^^^
    )
    ^
  File "C:\NETPAG\DesarrolloOrganizado\nueva-intra\backend\venv\Lib\site-packages\sqlalchemy\engine\base.py", line 1986, in _exec_single_context
    self._handle_dbapi_exception(
    ~~~~~~~~~~~~~~~~~~~~~~~~~~~~^
        e, str_statement, effective_parameters, cursor, context
        ^^^^^^^^^^^^^^^^^^^^^^^^^^^^^^^^^^^^^^^^^^^^^^^^^^^^^^^
    )
    ^
  File "C:\NETPAG\DesarrolloOrganizado\nueva-intra\backend\venv\Lib\site-packages\sqlalchemy\engine\base.py", line 2355, in _handle_dbapi_exception
    raise sqlalchemy_exception.with_traceback(exc_info[2]) from e
  File "C:\NETPAG\DesarrolloOrganizado\nueva-intra\backend\venv\Lib\site-packages\sqlalchemy\engine\base.py", line 1967, in _exec_single_context
    self.dialect.do_execute(
    ~~~~~~~~~~~~~~~~~~~~~~~^
        cursor, str_statement, effective_parameters, context
        ^^^^^^^^^^^^^^^^^^^^^^^^^^^^^^^^^^^^^^^^^^^^^^^^^^^^
    )
    ^
  File "C:\NETPAG\DesarrolloOrganizado\nueva-intra\backend\venv\Lib\site-packages\sqlalchemy\engine\default.py", line 951, in do_execute
    cursor.execute(statement, parameters)
    ~~~~~~~~~~~~~~^^^^^^^^^^^^^^^^^^^^^^^
sqlalchemy.exc.OperationalError: (pyodbc.OperationalError) ('08S01', '[08S01] [Microsoft][ODBC Driver 17 for SQL Server]TCP Provider: Se ha forzado la interrupción de una conexión existente por el host remoto.\r\n (10054) (SQLExecDirectW); [08S01] [Microsoft][ODBC Driver 17 for SQL Server]Communication link failure (10054)')
[SQL: SELECT count(*) AS count_1 
FROM dbo.lista_negra]
(Background on this error at: https://sqlalche.me/e/20/e3q8)
2025-11-05 14:11:24,655 - app.database - ERROR - Sesión de DB 'rollback' para 'b2c' debido a error: 500: Error interno al procesar datos.
2025-11-05 14:11:24,662 - app.database - ERROR - Error en la sesión de DB 'b2c': 500: Error interno al procesar datos.
Traceback (most recent call last):
  File "C:\NETPAG\DesarrolloOrganizado\nueva-intra\backend\venv\Lib\site-packages\sqlalchemy\engine\base.py", line 1967, in _exec_single_context
    self.dialect.do_execute(
    ~~~~~~~~~~~~~~~~~~~~~~~^
        cursor, str_statement, effective_parameters, context
        ^^^^^^^^^^^^^^^^^^^^^^^^^^^^^^^^^^^^^^^^^^^^^^^^^^^^
    )
    ^
  File "C:\NETPAG\DesarrolloOrganizado\nueva-intra\backend\venv\Lib\site-packages\sqlalchemy\engine\default.py", line 951, in do_execute
    cursor.execute(statement, parameters)
    ~~~~~~~~~~~~~~^^^^^^^^^^^^^^^^^^^^^^^
pyodbc.OperationalError: ('08S01', '[08S01] [Microsoft][ODBC Driver 17 for SQL Server]TCP Provider: Se ha forzado la interrupción de una conexión existente por el host remoto.\r\n (10054) (SQLExecDirectW); [08S01] [Microsoft][ODBC Driver 17 for SQL Server]Communication link failure (10054)')

The above exception was the direct cause of the following exception:

Traceback (most recent call last):
  File "C:\NETPAG\DesarrolloOrganizado\nueva-intra\backend\app\routers\listanegra_router.py", line 72, in get_listanegra_data
    total_rows = db_ops.contar_datos_listanegra(
        db, filtros=req.filtros
    )
  File "C:\NETPAG\DesarrolloOrganizado\nueva-intra\backend\app\db_operations.py", line 455, in contar_datos_listanegra
    raise e
  File "C:\NETPAG\DesarrolloOrganizado\nueva-intra\backend\app\db_operations.py", line 451, in contar_datos_listanegra
    result = db_session.execute(stmt, params).scalar_one_or_none()
             ~~~~~~~~~~~~~~~~~~^^^^^^^^^^^^^^
  File "C:\NETPAG\DesarrolloOrganizado\nueva-intra\backend\venv\Lib\site-packages\sqlalchemy\engine\base.py", line 1419, in execute
    return meth(
        self,
        distilled_parameters,
        execution_options or NO_OPTIONS,
    )
  File "C:\NETPAG\DesarrolloOrganizado\nueva-intra\backend\venv\Lib\site-packages\sqlalchemy\sql\elements.py", line 526, in _execute_on_connection
    return connection._execute_clauseelement(
           ~~~~~~~~~~~~~~~~~~~~~~~~~~~~~~~~~^
        self, distilled_params, execution_options
        ^^^^^^^^^^^^^^^^^^^^^^^^^^^^^^^^^^^^^^^^^
    )
    ^
  File "C:\NETPAG\DesarrolloOrganizado\nueva-intra\backend\venv\Lib\site-packages\sqlalchemy\engine\base.py", line 1641, in _execute_clauseelement
    ret = self._execute_context(
        dialect,
    ...<8 lines>...
        cache_hit=cache_hit,
    )
  File "C:\NETPAG\DesarrolloOrganizado\nueva-intra\backend\venv\Lib\site-packages\sqlalchemy\engine\base.py", line 1846, in _execute_context
    return self._exec_single_context(
           ~~~~~~~~~~~~~~~~~~~~~~~~~^
        dialect, context, statement, parameters
        ^^^^^^^^^^^^^^^^^^^^^^^^^^^^^^^^^^^^^^^
    )
    ^
  File "C:\NETPAG\DesarrolloOrganizado\nueva-intra\backend\venv\Lib\site-packages\sqlalchemy\engine\base.py", line 1986, in _exec_single_context
    self._handle_dbapi_exception(
    ~~~~~~~~~~~~~~~~~~~~~~~~~~~~^
        e, str_statement, effective_parameters, cursor, context
        ^^^^^^^^^^^^^^^^^^^^^^^^^^^^^^^^^^^^^^^^^^^^^^^^^^^^^^^
    )
    ^
  File "C:\NETPAG\DesarrolloOrganizado\nueva-intra\backend\venv\Lib\site-packages\sqlalchemy\engine\base.py", line 2355, in _handle_dbapi_exception
    raise sqlalchemy_exception.with_traceback(exc_info[2]) from e
  File "C:\NETPAG\DesarrolloOrganizado\nueva-intra\backend\venv\Lib\site-packages\sqlalchemy\engine\base.py", line 1967, in _exec_single_context
    self.dialect.do_execute(
    ~~~~~~~~~~~~~~~~~~~~~~~^
        cursor, str_statement, effective_parameters, context
        ^^^^^^^^^^^^^^^^^^^^^^^^^^^^^^^^^^^^^^^^^^^^^^^^^^^^
    )
    ^
  File "C:\NETPAG\DesarrolloOrganizado\nueva-intra\backend\venv\Lib\site-packages\sqlalchemy\engine\default.py", line 951, in do_execute
    cursor.execute(statement, parameters)
    ~~~~~~~~~~~~~~^^^^^^^^^^^^^^^^^^^^^^^
sqlalchemy.exc.OperationalError: (pyodbc.OperationalError) ('08S01', '[08S01] [Microsoft][ODBC Driver 17 for SQL Server]TCP Provider: Se ha forzado la interrupción de una conexión existente por el host remoto.\r\n (10054) (SQLExecDirectW); [08S01] [Microsoft][ODBC Driver 17 for SQL Server]Communication link failure (10054)')
[SQL: SELECT count(*) AS count_1 
FROM dbo.lista_negra]
(Background on this error at: https://sqlalche.me/e/20/e3q8)

During handling of the above exception, another exception occurred:

Traceback (most recent call last):
  File "C:\NETPAG\DesarrolloOrganizado\nueva-intra\backend\app\database.py", line 52, in get_db_session
    yield connection
  File "C:\NETPAG\DesarrolloOrganizado\nueva-intra\backend\venv\Lib\site-packages\fastapi\concurrency.py", line 27, in contextmanager_in_threadpool
    yield await run_in_threadpool(cm.__enter__)
  File "C:\NETPAG\DesarrolloOrganizado\nueva-intra\backend\venv\Lib\site-packages\fastapi\routing.py", line 109, in app
    response = await f(request)
               ^^^^^^^^^^^^^^^^
  File "C:\NETPAG\DesarrolloOrganizado\nueva-intra\backend\venv\Lib\site-packages\fastapi\routing.py", line 389, in app
    raw_response = await run_endpoint_function(
                   ^^^^^^^^^^^^^^^^^^^^^^^^^^^^
    ...<3 lines>...
    )
    ^
  File "C:\NETPAG\DesarrolloOrganizado\nueva-intra\backend\venv\Lib\site-packages\fastapi\routing.py", line 290, in run_endpoint_function
    return await run_in_threadpool(dependant.call, **values)
           ^^^^^^^^^^^^^^^^^^^^^^^^^^^^^^^^^^^^^^^^^^^^^^^^^
  File "C:\NETPAG\DesarrolloOrganizado\nueva-intra\backend\venv\Lib\site-packages\starlette\concurrency.py", line 38, in run_in_threadpool
    return await anyio.to_thread.run_sync(func)
           ^^^^^^^^^^^^^^^^^^^^^^^^^^^^^^^^^^^^
  File "C:\NETPAG\DesarrolloOrganizado\nueva-intra\backend\venv\Lib\site-packages\anyio\to_thread.py", line 56, in run_sync
    return await get_async_backend().run_sync_in_worker_thread(
           ^^^^^^^^^^^^^^^^^^^^^^^^^^^^^^^^^^^^^^^^^^^^^^^^^^^^
        func, args, abandon_on_cancel=abandon_on_cancel, limiter=limiter
        ^^^^^^^^^^^^^^^^^^^^^^^^^^^^^^^^^^^^^^^^^^^^^^^^^^^^^^^^^^^^^^^^
    )
    ^
  File "C:\NETPAG\DesarrolloOrganizado\nueva-intra\backend\venv\Lib\site-packages\anyio\_backends\_asyncio.py", line 2485, in run_sync_in_worker_thread
    return await future
           ^^^^^^^^^^^^
  File "C:\NETPAG\DesarrolloOrganizado\nueva-intra\backend\venv\Lib\site-packages\anyio\_backends\_asyncio.py", line 976, in run
    result = context.run(func, *args)
  File "C:\NETPAG\DesarrolloOrganizado\nueva-intra\backend\app\routers\listanegra_router.py", line 96, in get_listanegra_data
    raise HTTPException(status_code=500, detail="Error interno al procesar datos.")
fastapi.exceptions.HTTPException: 500: Error interno al procesar datos.
2025-11-05 14:11:24,662 - app.routers.listanegra_router - ERROR - Error al obtener datos de Lista Negra: (pyodbc.OperationalError) ('08S01', '[08S01] [Microsoft][ODBC Driver 17 for SQL Server]TCP Provider: Se ha forzado la interrupción de una conexión existente por el host remoto.\r\n (10054) (SQLExecDirectW); [08S01] [Microsoft][ODBC Driver 17 for SQL Server]Communication link failure (10054)')
[SQL: SELECT count(*) AS count_1 
FROM dbo.lista_negra]
(Background on this error at: https://sqlalche.me/e/20/e3q8)
Traceback (most recent call last):
  File "C:\NETPAG\DesarrolloOrganizado\nueva-intra\backend\venv\Lib\site-packages\sqlalchemy\engine\base.py", line 1967, in _exec_single_context
    self.dialect.do_execute(
    ~~~~~~~~~~~~~~~~~~~~~~~^
        cursor, str_statement, effective_parameters, context
        ^^^^^^^^^^^^^^^^^^^^^^^^^^^^^^^^^^^^^^^^^^^^^^^^^^^^
    )
    ^
  File "C:\NETPAG\DesarrolloOrganizado\nueva-intra\backend\venv\Lib\site-packages\sqlalchemy\engine\default.py", line 951, in do_execute
    cursor.execute(statement, parameters)
    ~~~~~~~~~~~~~~^^^^^^^^^^^^^^^^^^^^^^^
pyodbc.OperationalError: ('08S01', '[08S01] [Microsoft][ODBC Driver 17 for SQL Server]TCP Provider: Se ha forzado la interrupción de una conexión existente por el host remoto.\r\n (10054) (SQLExecDirectW); [08S01] [Microsoft][ODBC Driver 17 for SQL Server]Communication link failure (10054)')

The above exception was the direct cause of the following exception:

Traceback (most recent call last):
  File "C:\NETPAG\DesarrolloOrganizado\nueva-intra\backend\app\routers\listanegra_router.py", line 72, in get_listanegra_data
    total_rows = db_ops.contar_datos_listanegra(
        db, filtros=req.filtros
    )
  File "C:\NETPAG\DesarrolloOrganizado\nueva-intra\backend\app\db_operations.py", line 455, in contar_datos_listanegra
    raise e
  File "C:\NETPAG\DesarrolloOrganizado\nueva-intra\backend\app\db_operations.py", line 451, in contar_datos_listanegra
    result = db_session.execute(stmt, params).scalar_one_or_none()
             ~~~~~~~~~~~~~~~~~~^^^^^^^^^^^^^^
  File "C:\NETPAG\DesarrolloOrganizado\nueva-intra\backend\venv\Lib\site-packages\sqlalchemy\engine\base.py", line 1419, in execute
    return meth(
        self,
        distilled_parameters,
        execution_options or NO_OPTIONS,
    )
  File "C:\NETPAG\DesarrolloOrganizado\nueva-intra\backend\venv\Lib\site-packages\sqlalchemy\sql\elements.py", line 526, in _execute_on_connection
    return connection._execute_clauseelement(
           ~~~~~~~~~~~~~~~~~~~~~~~~~~~~~~~~~^
        self, distilled_params, execution_options
        ^^^^^^^^^^^^^^^^^^^^^^^^^^^^^^^^^^^^^^^^^
    )
    ^
  File "C:\NETPAG\DesarrolloOrganizado\nueva-intra\backend\venv\Lib\site-packages\sqlalchemy\engine\base.py", line 1641, in _execute_clauseelement
    ret = self._execute_context(
        dialect,
    ...<8 lines>...
        cache_hit=cache_hit,
    )
  File "C:\NETPAG\DesarrolloOrganizado\nueva-intra\backend\venv\Lib\site-packages\sqlalchemy\engine\base.py", line 1846, in _execute_context
    return self._exec_single_context(
           ~~~~~~~~~~~~~~~~~~~~~~~~~^
        dialect, context, statement, parameters
        ^^^^^^^^^^^^^^^^^^^^^^^^^^^^^^^^^^^^^^^
    )
    ^
  File "C:\NETPAG\DesarrolloOrganizado\nueva-intra\backend\venv\Lib\site-packages\sqlalchemy\engine\base.py", line 1986, in _exec_single_context
    self._handle_dbapi_exception(
    ~~~~~~~~~~~~~~~~~~~~~~~~~~~~^
        e, str_statement, effective_parameters, cursor, context
        ^^^^^^^^^^^^^^^^^^^^^^^^^^^^^^^^^^^^^^^^^^^^^^^^^^^^^^^
    )
    ^
  File "C:\NETPAG\DesarrolloOrganizado\nueva-intra\backend\venv\Lib\site-packages\sqlalchemy\engine\base.py", line 2355, in _handle_dbapi_exception
    raise sqlalchemy_exception.with_traceback(exc_info[2]) from e
  File "C:\NETPAG\DesarrolloOrganizado\nueva-intra\backend\venv\Lib\site-packages\sqlalchemy\engine\base.py", line 1967, in _exec_single_context
    self.dialect.do_execute(
    ~~~~~~~~~~~~~~~~~~~~~~~^
        cursor, str_statement, effective_parameters, context
        ^^^^^^^^^^^^^^^^^^^^^^^^^^^^^^^^^^^^^^^^^^^^^^^^^^^^
    )
    ^
  File "C:\NETPAG\DesarrolloOrganizado\nueva-intra\backend\venv\Lib\site-packages\sqlalchemy\engine\default.py", line 951, in do_execute
    cursor.execute(statement, parameters)
    ~~~~~~~~~~~~~~^^^^^^^^^^^^^^^^^^^^^^^
sqlalchemy.exc.OperationalError: (pyodbc.OperationalError) ('08S01', '[08S01] [Microsoft][ODBC Driver 17 for SQL Server]TCP Provider: Se ha forzado la interrupción de una conexión existente por el host remoto.\r\n (10054) (SQLExecDirectW); [08S01] [Microsoft][ODBC Driver 17 for SQL Server]Communication link failure (10054)')
[SQL: SELECT count(*) AS count_1 
FROM dbo.lista_negra]
(Background on this error at: https://sqlalche.me/e/20/e3q8)
2025-11-05 14:11:24,728 - app.database - ERROR - Sesión de DB 'rollback' para 'b2c' debido a error: 500: Error interno al procesar datos.
2025-11-05 14:11:24,729 - app.database - ERROR - Error en la sesión de DB 'b2c': 500: Error interno al procesar datos.
Traceback (most recent call last):
  File "C:\NETPAG\DesarrolloOrganizado\nueva-intra\backend\venv\Lib\site-packages\sqlalchemy\engine\base.py", line 1967, in _exec_single_context
    self.dialect.do_execute(
    ~~~~~~~~~~~~~~~~~~~~~~~^
        cursor, str_statement, effective_parameters, context
        ^^^^^^^^^^^^^^^^^^^^^^^^^^^^^^^^^^^^^^^^^^^^^^^^^^^^
    )
    ^
  File "C:\NETPAG\DesarrolloOrganizado\nueva-intra\backend\venv\Lib\site-packages\sqlalchemy\engine\default.py", line 951, in do_execute
    cursor.execute(statement, parameters)
    ~~~~~~~~~~~~~~^^^^^^^^^^^^^^^^^^^^^^^
pyodbc.OperationalError: ('08S01', '[08S01] [Microsoft][ODBC Driver 17 for SQL Server]TCP Provider: Se ha forzado la interrupción de una conexión existente por el host remoto.\r\n (10054) (SQLExecDirectW); [08S01] [Microsoft][ODBC Driver 17 for SQL Server]Communication link failure (10054)')

The above exception was the direct cause of the following exception:

Traceback (most recent call last):
  File "C:\NETPAG\DesarrolloOrganizado\nueva-intra\backend\app\routers\listanegra_router.py", line 72, in get_listanegra_data
    total_rows = db_ops.contar_datos_listanegra(
        db, filtros=req.filtros
    )
  File "C:\NETPAG\DesarrolloOrganizado\nueva-intra\backend\app\db_operations.py", line 455, in contar_datos_listanegra
    raise e
  File "C:\NETPAG\DesarrolloOrganizado\nueva-intra\backend\app\db_operations.py", line 451, in contar_datos_listanegra
    result = db_session.execute(stmt, params).scalar_one_or_none()
             ~~~~~~~~~~~~~~~~~~^^^^^^^^^^^^^^
  File "C:\NETPAG\DesarrolloOrganizado\nueva-intra\backend\venv\Lib\site-packages\sqlalchemy\engine\base.py", line 1419, in execute
    return meth(
        self,
        distilled_parameters,
        execution_options or NO_OPTIONS,
    )
  File "C:\NETPAG\DesarrolloOrganizado\nueva-intra\backend\venv\Lib\site-packages\sqlalchemy\sql\elements.py", line 526, in _execute_on_connection
    return connection._execute_clauseelement(
           ~~~~~~~~~~~~~~~~~~~~~~~~~~~~~~~~~^
        self, distilled_params, execution_options
        ^^^^^^^^^^^^^^^^^^^^^^^^^^^^^^^^^^^^^^^^^
    )
    ^
  File "C:\NETPAG\DesarrolloOrganizado\nueva-intra\backend\venv\Lib\site-packages\sqlalchemy\engine\base.py", line 1641, in _execute_clauseelement
    ret = self._execute_context(
        dialect,
    ...<8 lines>...
        cache_hit=cache_hit,
    )
  File "C:\NETPAG\DesarrolloOrganizado\nueva-intra\backend\venv\Lib\site-packages\sqlalchemy\engine\base.py", line 1846, in _execute_context
    return self._exec_single_context(
           ~~~~~~~~~~~~~~~~~~~~~~~~~^
        dialect, context, statement, parameters
        ^^^^^^^^^^^^^^^^^^^^^^^^^^^^^^^^^^^^^^^
    )
    ^
  File "C:\NETPAG\DesarrolloOrganizado\nueva-intra\backend\venv\Lib\site-packages\sqlalchemy\engine\base.py", line 1986, in _exec_single_context
    self._handle_dbapi_exception(
    ~~~~~~~~~~~~~~~~~~~~~~~~~~~~^
        e, str_statement, effective_parameters, cursor, context
        ^^^^^^^^^^^^^^^^^^^^^^^^^^^^^^^^^^^^^^^^^^^^^^^^^^^^^^^
    )
    ^
  File "C:\NETPAG\DesarrolloOrganizado\nueva-intra\backend\venv\Lib\site-packages\sqlalchemy\engine\base.py", line 2355, in _handle_dbapi_exception
    raise sqlalchemy_exception.with_traceback(exc_info[2]) from e
  File "C:\NETPAG\DesarrolloOrganizado\nueva-intra\backend\venv\Lib\site-packages\sqlalchemy\engine\base.py", line 1967, in _exec_single_context
    self.dialect.do_execute(
    ~~~~~~~~~~~~~~~~~~~~~~~^
        cursor, str_statement, effective_parameters, context
        ^^^^^^^^^^^^^^^^^^^^^^^^^^^^^^^^^^^^^^^^^^^^^^^^^^^^
    )
    ^
  File "C:\NETPAG\DesarrolloOrganizado\nueva-intra\backend\venv\Lib\site-packages\sqlalchemy\engine\default.py", line 951, in do_execute
    cursor.execute(statement, parameters)
    ~~~~~~~~~~~~~~^^^^^^^^^^^^^^^^^^^^^^^
sqlalchemy.exc.OperationalError: (pyodbc.OperationalError) ('08S01', '[08S01] [Microsoft][ODBC Driver 17 for SQL Server]TCP Provider: Se ha forzado la interrupción de una conexión existente por el host remoto.\r\n (10054) (SQLExecDirectW); [08S01] [Microsoft][ODBC Driver 17 for SQL Server]Communication link failure (10054)')
[SQL: SELECT count(*) AS count_1 
FROM dbo.lista_negra]
(Background on this error at: https://sqlalche.me/e/20/e3q8)

During handling of the above exception, another exception occurred:

Traceback (most recent call last):
  File "C:\NETPAG\DesarrolloOrganizado\nueva-intra\backend\app\database.py", line 52, in get_db_session
    yield connection
  File "C:\NETPAG\DesarrolloOrganizado\nueva-intra\backend\venv\Lib\site-packages\fastapi\concurrency.py", line 27, in contextmanager_in_threadpool
    yield await run_in_threadpool(cm.__enter__)
  File "C:\NETPAG\DesarrolloOrganizado\nueva-intra\backend\venv\Lib\site-packages\fastapi\routing.py", line 109, in app
    response = await f(request)
               ^^^^^^^^^^^^^^^^
  File "C:\NETPAG\DesarrolloOrganizado\nueva-intra\backend\venv\Lib\site-packages\fastapi\routing.py", line 389, in app
    raw_response = await run_endpoint_function(
                   ^^^^^^^^^^^^^^^^^^^^^^^^^^^^
    ...<3 lines>...
    )
    ^
  File "C:\NETPAG\DesarrolloOrganizado\nueva-intra\backend\venv\Lib\site-packages\fastapi\routing.py", line 290, in run_endpoint_function
    return await run_in_threadpool(dependant.call, **values)
           ^^^^^^^^^^^^^^^^^^^^^^^^^^^^^^^^^^^^^^^^^^^^^^^^^
  File "C:\NETPAG\DesarrolloOrganizado\nueva-intra\backend\venv\Lib\site-packages\starlette\concurrency.py", line 38, in run_in_threadpool
    return await anyio.to_thread.run_sync(func)
           ^^^^^^^^^^^^^^^^^^^^^^^^^^^^^^^^^^^^
  File "C:\NETPAG\DesarrolloOrganizado\nueva-intra\backend\venv\Lib\site-packages\anyio\to_thread.py", line 56, in run_sync
    return await get_async_backend().run_sync_in_worker_thread(
           ^^^^^^^^^^^^^^^^^^^^^^^^^^^^^^^^^^^^^^^^^^^^^^^^^^^^
        func, args, abandon_on_cancel=abandon_on_cancel, limiter=limiter
        ^^^^^^^^^^^^^^^^^^^^^^^^^^^^^^^^^^^^^^^^^^^^^^^^^^^^^^^^^^^^^^^^
    )
    ^
  File "C:\NETPAG\DesarrolloOrganizado\nueva-intra\backend\venv\Lib\site-packages\anyio\_backends\_asyncio.py", line 2485, in run_sync_in_worker_thread
    return await future
           ^^^^^^^^^^^^
  File "C:\NETPAG\DesarrolloOrganizado\nueva-intra\backend\venv\Lib\site-packages\anyio\_backends\_asyncio.py", line 976, in run
    result = context.run(func, *args)
  File "C:\NETPAG\DesarrolloOrganizado\nueva-intra\backend\app\routers\listanegra_router.py", line 96, in get_listanegra_data
    raise HTTPException(status_code=500, detail="Error interno al procesar datos.")
fastapi.exceptions.HTTPException: 500: Error interno al procesar datos.
2025-11-05 14:11:58,506 - app.routers.listanegra_router - INFO - Usuario 'aascanio@netpag.cl' consultando datos de Lista Negra con filtros: {}
2025-11-05 14:11:58,803 - app.routers.listanegra_router - INFO - Usuario 'aascanio@netpag.cl' consultando datos de Lista Negra con filtros: {}
2025-11-05 14:11:58,816 - app.db_operations - INFO - Ejecutando consulta (paginada) en Lista Negra con params: {}
2025-11-05 14:11:59,746 - app.db_operations - INFO - Ejecutando consulta (paginada) en Lista Negra con params: {}
2025-11-05 14:12:54,395 - app.routers.listanegra_router - INFO - Usuario 'aascanio@netpag.cl' consultando datos de Lista Negra con filtros: {}
2025-11-05 14:12:54,399 - app.routers.listanegra_router - INFO - Usuario 'aascanio@netpag.cl' consultando datos de Lista Negra con filtros: {}
2025-11-05 14:12:54,811 - app.db_operations - INFO - Ejecutando consulta (paginada) en Lista Negra con params: {}
2025-11-05 14:12:54,811 - app.db_operations - INFO - Ejecutando consulta (paginada) en Lista Negra con params: {}
2025-11-05 14:16:50,177 - app.db_user_operations - INFO - Login exitoso para el email: aascanio@netpag.cl
2025-11-05 14:16:59,321 - app.db_operations - ERROR - Error al CONTAR datos para '0020ACSA': (pyodbc.OperationalError) ('08S01', '[08S01] [Microsoft][ODBC Driver 17 for SQL Server]TCP Provider: Se ha forzado la interrupción de una conexión existente por el host remoto.\r\n (10054) (SQLExecDirectW); [08S01] [Microsoft][ODBC Driver 17 for SQL Server]Communication link failure (10054)')
[SQL: SELECT sys.columns.name, sys.types.name AS name_1, sys.columns.is_nullable, sys.columns.max_length, sys.columns.[precision], sys.columns.scale, sys.default_constraints.definition, sys.columns.collation_name, sys.computed_columns.definition AS definition_1, sys.computed_columns.is_persisted, sys.identity_columns.is_identity, CAST(sys.identity_columns.seed_value AS NUMERIC(38, 0)) AS seed_value, CAST(sys.identity_columns.increment_value AS NUMERIC(38, 0)) AS increment_value, CAST(sys.extended_properties.value AS NVARCHAR(max)) AS comment 
FROM sys.columns JOIN sys.types ON sys.columns.user_type_id = sys.types.user_type_id LEFT OUTER JOIN sys.default_constraints ON sys.default_constraints.object_id = sys.columns.default_object_id AND sys.default_constraints.parent_column_id = sys.columns.column_id LEFT OUTER JOIN sys.computed_columns ON sys.computed_columns.object_id = sys.columns.object_id AND sys.computed_columns.column_id = sys.columns.column_id LEFT OUTER JOIN sys.identity_columns ON sys.identity_columns.object_id = sys.columns.object_id AND sys.identity_columns.column_id = sys.columns.column_id LEFT OUTER JOIN sys.extended_properties ON sys.extended_properties.class = ? AND sys.extended_properties.name = CAST(? AS NVARCHAR(max)) AND sys.columns.object_id = sys.extended_properties.major_id AND sys.columns.column_id = sys.extended_properties.minor_id 
WHERE sys.columns.object_id = object_id(?) ORDER BY sys.columns.column_id]
[parameters: (1, 'MS_Description', 'dbo.[1009_RTG_0020ACSA_]')]
(Background on this error at: https://sqlalche.me/e/20/e3q8)
Traceback (most recent call last):
  File "C:\NETPAG\DesarrolloOrganizado\nueva-intra\backend\venv\Lib\site-packages\sqlalchemy\engine\base.py", line 1967, in _exec_single_context
    self.dialect.do_execute(
    ~~~~~~~~~~~~~~~~~~~~~~~^
        cursor, str_statement, effective_parameters, context
        ^^^^^^^^^^^^^^^^^^^^^^^^^^^^^^^^^^^^^^^^^^^^^^^^^^^^
    )
    ^
  File "C:\NETPAG\DesarrolloOrganizado\nueva-intra\backend\venv\Lib\site-packages\sqlalchemy\engine\default.py", line 951, in do_execute
    cursor.execute(statement, parameters)
    ~~~~~~~~~~~~~~^^^^^^^^^^^^^^^^^^^^^^^
pyodbc.OperationalError: ('08S01', '[08S01] [Microsoft][ODBC Driver 17 for SQL Server]TCP Provider: Se ha forzado la interrupción de una conexión existente por el host remoto.\r\n (10054) (SQLExecDirectW); [08S01] [Microsoft][ODBC Driver 17 for SQL Server]Communication link failure (10054)')

The above exception was the direct cause of the following exception:

Traceback (most recent call last):
  File "C:\NETPAG\DesarrolloOrganizado\nueva-intra\backend\app\db_operations.py", line 264, in contar_datos_cliente
    tabla = _get_reflected_table("cliente_table_map", client_code)
  File "C:\NETPAG\DesarrolloOrganizado\nueva-intra\backend\app\db_operations.py", line 51, in _get_reflected_table
    tabla = Table(
        info["table_name"],
    ...<2 lines>...
        autoload_with=engine_para_reflejar
    )
  File "<string>", line 2, in __new__
  File "C:\NETPAG\DesarrolloOrganizado\nueva-intra\backend\venv\Lib\site-packages\sqlalchemy\util\deprecations.py", line 281, in warned
    return fn(*args, **kwargs)  # type: ignore[no-any-return]
  File "C:\NETPAG\DesarrolloOrganizado\nueva-intra\backend\venv\Lib\site-packages\sqlalchemy\sql\schema.py", line 429, in __new__
    return cls._new(*args, **kw)
           ~~~~~~~~^^^^^^^^^^^^^
  File "C:\NETPAG\DesarrolloOrganizado\nueva-intra\backend\venv\Lib\site-packages\sqlalchemy\sql\schema.py", line 483, in _new
    with util.safe_reraise():
         ~~~~~~~~~~~~~~~~~^^
  File "C:\NETPAG\DesarrolloOrganizado\nueva-intra\backend\venv\Lib\site-packages\sqlalchemy\util\langhelpers.py", line 224, in __exit__
    raise exc_value.with_traceback(exc_tb)
  File "C:\NETPAG\DesarrolloOrganizado\nueva-intra\backend\venv\Lib\site-packages\sqlalchemy\sql\schema.py", line 479, in _new
    table.__init__(name, metadata, *args, _no_init=False, **kw)  # type: ignore[misc] # noqa: E501
    ~~~~~~~~~~~~~~^^^^^^^^^^^^^^^^^^^^^^^^^^^^^^^^^^^^^^^^^^^^^
  File "C:\NETPAG\DesarrolloOrganizado\nueva-intra\backend\venv\Lib\site-packages\sqlalchemy\sql\schema.py", line 861, in __init__
    self._autoload(
    ~~~~~~~~~~~~~~^
        metadata,
        ^^^^^^^^^
    ...<4 lines>...
        resolve_fks=resolve_fks,
        ^^^^^^^^^^^^^^^^^^^^^^^^
    )
    ^
  File "C:\NETPAG\DesarrolloOrganizado\nueva-intra\backend\venv\Lib\site-packages\sqlalchemy\sql\schema.py", line 893, in _autoload
    conn_insp.reflect_table(
    ~~~~~~~~~~~~~~~~~~~~~~~^
        self,
        ^^^^^
    ...<4 lines>...
        _reflect_info=_reflect_info,
        ^^^^^^^^^^^^^^^^^^^^^^^^^^^^
    )
    ^
  File "C:\NETPAG\DesarrolloOrganizado\nueva-intra\backend\venv\Lib\site-packages\sqlalchemy\engine\reflection.py", line 1536, in reflect_table
    _reflect_info = self._get_reflection_info(
        schema,
    ...<4 lines>...
        **table.dialect_kwargs,
    )
  File "C:\NETPAG\DesarrolloOrganizado\nueva-intra\backend\venv\Lib\site-packages\sqlalchemy\engine\reflection.py", line 2019, in _get_reflection_info
    columns=run(
            ~~~^
        self.get_multi_columns, check_filter_names_from_meth=True
        ^^^^^^^^^^^^^^^^^^^^^^^^^^^^^^^^^^^^^^^^^^^^^^^^^^^^^^^^^
    ),
    ^
  File "C:\NETPAG\DesarrolloOrganizado\nueva-intra\backend\venv\Lib\site-packages\sqlalchemy\engine\reflection.py", line 2005, in run
    res = meth(filter_names=_fn, **kw)
  File "C:\NETPAG\DesarrolloOrganizado\nueva-intra\backend\venv\Lib\site-packages\sqlalchemy\engine\reflection.py", line 931, in get_multi_columns
    table_col_defs = dict(
        self.dialect.get_multi_columns(
    ...<7 lines>...
        )
    )
  File "C:\NETPAG\DesarrolloOrganizado\nueva-intra\backend\venv\Lib\site-packages\sqlalchemy\engine\default.py", line 1135, in _default_multi_reflect
    single_tbl_method(
    ~~~~~~~~~~~~~~~~~^
        connection, table, schema=schema, **kw
        ^^^^^^^^^^^^^^^^^^^^^^^^^^^^^^^^^^^^^^
    ),
    ^
  File "<string>", line 2, in get_columns
  File "C:\NETPAG\DesarrolloOrganizado\nueva-intra\backend\venv\Lib\site-packages\sqlalchemy\engine\reflection.py", line 106, in cache
    ret = fn(self, con, *args, **kw)
  File "C:\NETPAG\DesarrolloOrganizado\nueva-intra\backend\venv\Lib\site-packages\sqlalchemy\dialects\mssql\base.py", line 2902, in wrap
    return _switch_db(
        dbname,
    ...<8 lines>...
        **kw,
    )
  File "C:\NETPAG\DesarrolloOrganizado\nueva-intra\backend\venv\Lib\site-packages\sqlalchemy\dialects\mssql\base.py", line 2926, in _switch_db
    return fn(*arg, **kw)
  File "C:\NETPAG\DesarrolloOrganizado\nueva-intra\backend\venv\Lib\site-packages\sqlalchemy\dialects\mssql\base.py", line 3740, in get_columns
    c = connection.execution_options(**exec_opts).execute(s)
  File "C:\NETPAG\DesarrolloOrganizado\nueva-intra\backend\venv\Lib\site-packages\sqlalchemy\engine\base.py", line 1419, in execute
    return meth(
        self,
        distilled_parameters,
        execution_options or NO_OPTIONS,
    )
  File "C:\NETPAG\DesarrolloOrganizado\nueva-intra\backend\venv\Lib\site-packages\sqlalchemy\sql\elements.py", line 526, in _execute_on_connection
    return connection._execute_clauseelement(
           ~~~~~~~~~~~~~~~~~~~~~~~~~~~~~~~~~^
        self, distilled_params, execution_options
        ^^^^^^^^^^^^^^^^^^^^^^^^^^^^^^^^^^^^^^^^^
    )
    ^
  File "C:\NETPAG\DesarrolloOrganizado\nueva-intra\backend\venv\Lib\site-packages\sqlalchemy\engine\base.py", line 1641, in _execute_clauseelement
    ret = self._execute_context(
        dialect,
    ...<8 lines>...
        cache_hit=cache_hit,
    )
  File "C:\NETPAG\DesarrolloOrganizado\nueva-intra\backend\venv\Lib\site-packages\sqlalchemy\engine\base.py", line 1846, in _execute_context
    return self._exec_single_context(
           ~~~~~~~~~~~~~~~~~~~~~~~~~^
        dialect, context, statement, parameters
        ^^^^^^^^^^^^^^^^^^^^^^^^^^^^^^^^^^^^^^^
    )
    ^
  File "C:\NETPAG\DesarrolloOrganizado\nueva-intra\backend\venv\Lib\site-packages\sqlalchemy\engine\base.py", line 1986, in _exec_single_context
    self._handle_dbapi_exception(
    ~~~~~~~~~~~~~~~~~~~~~~~~~~~~^
        e, str_statement, effective_parameters, cursor, context
        ^^^^^^^^^^^^^^^^^^^^^^^^^^^^^^^^^^^^^^^^^^^^^^^^^^^^^^^
    )
    ^
  File "C:\NETPAG\DesarrolloOrganizado\nueva-intra\backend\venv\Lib\site-packages\sqlalchemy\engine\base.py", line 2355, in _handle_dbapi_exception
    raise sqlalchemy_exception.with_traceback(exc_info[2]) from e
  File "C:\NETPAG\DesarrolloOrganizado\nueva-intra\backend\venv\Lib\site-packages\sqlalchemy\engine\base.py", line 1967, in _exec_single_context
    self.dialect.do_execute(
    ~~~~~~~~~~~~~~~~~~~~~~~^
        cursor, str_statement, effective_parameters, context
        ^^^^^^^^^^^^^^^^^^^^^^^^^^^^^^^^^^^^^^^^^^^^^^^^^^^^
    )
    ^
  File "C:\NETPAG\DesarrolloOrganizado\nueva-intra\backend\venv\Lib\site-packages\sqlalchemy\engine\default.py", line 951, in do_execute
    cursor.execute(statement, parameters)
    ~~~~~~~~~~~~~~^^^^^^^^^^^^^^^^^^^^^^^
sqlalchemy.exc.OperationalError: (pyodbc.OperationalError) ('08S01', '[08S01] [Microsoft][ODBC Driver 17 for SQL Server]TCP Provider: Se ha forzado la interrupción de una conexión existente por el host remoto.\r\n (10054) (SQLExecDirectW); [08S01] [Microsoft][ODBC Driver 17 for SQL Server]Communication link failure (10054)')
[SQL: SELECT sys.columns.name, sys.types.name AS name_1, sys.columns.is_nullable, sys.columns.max_length, sys.columns.[precision], sys.columns.scale, sys.default_constraints.definition, sys.columns.collation_name, sys.computed_columns.definition AS definition_1, sys.computed_columns.is_persisted, sys.identity_columns.is_identity, CAST(sys.identity_columns.seed_value AS NUMERIC(38, 0)) AS seed_value, CAST(sys.identity_columns.increment_value AS NUMERIC(38, 0)) AS increment_value, CAST(sys.extended_properties.value AS NVARCHAR(max)) AS comment 
FROM sys.columns JOIN sys.types ON sys.columns.user_type_id = sys.types.user_type_id LEFT OUTER JOIN sys.default_constraints ON sys.default_constraints.object_id = sys.columns.default_object_id AND sys.default_constraints.parent_column_id = sys.columns.column_id LEFT OUTER JOIN sys.computed_columns ON sys.computed_columns.object_id = sys.columns.object_id AND sys.computed_columns.column_id = sys.columns.column_id LEFT OUTER JOIN sys.identity_columns ON sys.identity_columns.object_id = sys.columns.object_id AND sys.identity_columns.column_id = sys.columns.column_id LEFT OUTER JOIN sys.extended_properties ON sys.extended_properties.class = ? AND sys.extended_properties.name = CAST(? AS NVARCHAR(max)) AND sys.columns.object_id = sys.extended_properties.major_id AND sys.columns.column_id = sys.extended_properties.minor_id 
WHERE sys.columns.object_id = object_id(?) ORDER BY sys.columns.column_id]
[parameters: (1, 'MS_Description', 'dbo.[1009_RTG_0020ACSA_]')]
(Background on this error at: https://sqlalche.me/e/20/e3q8)
2025-11-05 14:16:59,342 - app.routers.data_visor - ERROR - Error al obtener datos para '0020ACSA': (pyodbc.OperationalError) ('08S01', '[08S01] [Microsoft][ODBC Driver 17 for SQL Server]TCP Provider: Se ha forzado la interrupción de una conexión existente por el host remoto.\r\n (10054) (SQLExecDirectW); [08S01] [Microsoft][ODBC Driver 17 for SQL Server]Communication link failure (10054)')
[SQL: SELECT sys.columns.name, sys.types.name AS name_1, sys.columns.is_nullable, sys.columns.max_length, sys.columns.[precision], sys.columns.scale, sys.default_constraints.definition, sys.columns.collation_name, sys.computed_columns.definition AS definition_1, sys.computed_columns.is_persisted, sys.identity_columns.is_identity, CAST(sys.identity_columns.seed_value AS NUMERIC(38, 0)) AS seed_value, CAST(sys.identity_columns.increment_value AS NUMERIC(38, 0)) AS increment_value, CAST(sys.extended_properties.value AS NVARCHAR(max)) AS comment 
FROM sys.columns JOIN sys.types ON sys.columns.user_type_id = sys.types.user_type_id LEFT OUTER JOIN sys.default_constraints ON sys.default_constraints.object_id = sys.columns.default_object_id AND sys.default_constraints.parent_column_id = sys.columns.column_id LEFT OUTER JOIN sys.computed_columns ON sys.computed_columns.object_id = sys.columns.object_id AND sys.computed_columns.column_id = sys.columns.column_id LEFT OUTER JOIN sys.identity_columns ON sys.identity_columns.object_id = sys.columns.object_id AND sys.identity_columns.column_id = sys.columns.column_id LEFT OUTER JOIN sys.extended_properties ON sys.extended_properties.class = ? AND sys.extended_properties.name = CAST(? AS NVARCHAR(max)) AND sys.columns.object_id = sys.extended_properties.major_id AND sys.columns.column_id = sys.extended_properties.minor_id 
WHERE sys.columns.object_id = object_id(?) ORDER BY sys.columns.column_id]
[parameters: (1, 'MS_Description', 'dbo.[1009_RTG_0020ACSA_]')]
(Background on this error at: https://sqlalche.me/e/20/e3q8)
Traceback (most recent call last):
  File "C:\NETPAG\DesarrolloOrganizado\nueva-intra\backend\venv\Lib\site-packages\sqlalchemy\engine\base.py", line 1967, in _exec_single_context
    self.dialect.do_execute(
    ~~~~~~~~~~~~~~~~~~~~~~~^
        cursor, str_statement, effective_parameters, context
        ^^^^^^^^^^^^^^^^^^^^^^^^^^^^^^^^^^^^^^^^^^^^^^^^^^^^
    )
    ^
  File "C:\NETPAG\DesarrolloOrganizado\nueva-intra\backend\venv\Lib\site-packages\sqlalchemy\engine\default.py", line 951, in do_execute
    cursor.execute(statement, parameters)
    ~~~~~~~~~~~~~~^^^^^^^^^^^^^^^^^^^^^^^
pyodbc.OperationalError: ('08S01', '[08S01] [Microsoft][ODBC Driver 17 for SQL Server]TCP Provider: Se ha forzado la interrupción de una conexión existente por el host remoto.\r\n (10054) (SQLExecDirectW); [08S01] [Microsoft][ODBC Driver 17 for SQL Server]Communication link failure (10054)')

The above exception was the direct cause of the following exception:

Traceback (most recent call last):
  File "C:\NETPAG\DesarrolloOrganizado\nueva-intra\backend\app\routers\data_visor.py", line 63, in get_data_for_client
    total_rows = db_ops.contar_datos_cliente(
        connection, client_code, filtros=req.filtros
    )
  File "C:\NETPAG\DesarrolloOrganizado\nueva-intra\backend\app\db_operations.py", line 276, in contar_datos_cliente
    raise e
  File "C:\NETPAG\DesarrolloOrganizado\nueva-intra\backend\app\db_operations.py", line 264, in contar_datos_cliente
    tabla = _get_reflected_table("cliente_table_map", client_code)
  File "C:\NETPAG\DesarrolloOrganizado\nueva-intra\backend\app\db_operations.py", line 51, in _get_reflected_table
    tabla = Table(
        info["table_name"],
    ...<2 lines>...
        autoload_with=engine_para_reflejar
    )
  File "<string>", line 2, in __new__
  File "C:\NETPAG\DesarrolloOrganizado\nueva-intra\backend\venv\Lib\site-packages\sqlalchemy\util\deprecations.py", line 281, in warned
    return fn(*args, **kwargs)  # type: ignore[no-any-return]
  File "C:\NETPAG\DesarrolloOrganizado\nueva-intra\backend\venv\Lib\site-packages\sqlalchemy\sql\schema.py", line 429, in __new__
    return cls._new(*args, **kw)
           ~~~~~~~~^^^^^^^^^^^^^
  File "C:\NETPAG\DesarrolloOrganizado\nueva-intra\backend\venv\Lib\site-packages\sqlalchemy\sql\schema.py", line 483, in _new
    with util.safe_reraise():
         ~~~~~~~~~~~~~~~~~^^
  File "C:\NETPAG\DesarrolloOrganizado\nueva-intra\backend\venv\Lib\site-packages\sqlalchemy\util\langhelpers.py", line 224, in __exit__
    raise exc_value.with_traceback(exc_tb)
  File "C:\NETPAG\DesarrolloOrganizado\nueva-intra\backend\venv\Lib\site-packages\sqlalchemy\sql\schema.py", line 479, in _new
    table.__init__(name, metadata, *args, _no_init=False, **kw)  # type: ignore[misc] # noqa: E501
    ~~~~~~~~~~~~~~^^^^^^^^^^^^^^^^^^^^^^^^^^^^^^^^^^^^^^^^^^^^^
  File "C:\NETPAG\DesarrolloOrganizado\nueva-intra\backend\venv\Lib\site-packages\sqlalchemy\sql\schema.py", line 861, in __init__
    self._autoload(
    ~~~~~~~~~~~~~~^
        metadata,
        ^^^^^^^^^
    ...<4 lines>...
        resolve_fks=resolve_fks,
        ^^^^^^^^^^^^^^^^^^^^^^^^
    )
    ^
  File "C:\NETPAG\DesarrolloOrganizado\nueva-intra\backend\venv\Lib\site-packages\sqlalchemy\sql\schema.py", line 893, in _autoload
    conn_insp.reflect_table(
    ~~~~~~~~~~~~~~~~~~~~~~~^
        self,
        ^^^^^
    ...<4 lines>...
        _reflect_info=_reflect_info,
        ^^^^^^^^^^^^^^^^^^^^^^^^^^^^
    )
    ^
  File "C:\NETPAG\DesarrolloOrganizado\nueva-intra\backend\venv\Lib\site-packages\sqlalchemy\engine\reflection.py", line 1536, in reflect_table
    _reflect_info = self._get_reflection_info(
        schema,
    ...<4 lines>...
        **table.dialect_kwargs,
    )
  File "C:\NETPAG\DesarrolloOrganizado\nueva-intra\backend\venv\Lib\site-packages\sqlalchemy\engine\reflection.py", line 2019, in _get_reflection_info
    columns=run(
            ~~~^
        self.get_multi_columns, check_filter_names_from_meth=True
        ^^^^^^^^^^^^^^^^^^^^^^^^^^^^^^^^^^^^^^^^^^^^^^^^^^^^^^^^^
    ),
    ^
  File "C:\NETPAG\DesarrolloOrganizado\nueva-intra\backend\venv\Lib\site-packages\sqlalchemy\engine\reflection.py", line 2005, in run
    res = meth(filter_names=_fn, **kw)
  File "C:\NETPAG\DesarrolloOrganizado\nueva-intra\backend\venv\Lib\site-packages\sqlalchemy\engine\reflection.py", line 931, in get_multi_columns
    table_col_defs = dict(
        self.dialect.get_multi_columns(
    ...<7 lines>...
        )
    )
  File "C:\NETPAG\DesarrolloOrganizado\nueva-intra\backend\venv\Lib\site-packages\sqlalchemy\engine\default.py", line 1135, in _default_multi_reflect
    single_tbl_method(
    ~~~~~~~~~~~~~~~~~^
        connection, table, schema=schema, **kw
        ^^^^^^^^^^^^^^^^^^^^^^^^^^^^^^^^^^^^^^
    ),
    ^
  File "<string>", line 2, in get_columns
  File "C:\NETPAG\DesarrolloOrganizado\nueva-intra\backend\venv\Lib\site-packages\sqlalchemy\engine\reflection.py", line 106, in cache
    ret = fn(self, con, *args, **kw)
  File "C:\NETPAG\DesarrolloOrganizado\nueva-intra\backend\venv\Lib\site-packages\sqlalchemy\dialects\mssql\base.py", line 2902, in wrap
    return _switch_db(
        dbname,
    ...<8 lines>...
        **kw,
    )
  File "C:\NETPAG\DesarrolloOrganizado\nueva-intra\backend\venv\Lib\site-packages\sqlalchemy\dialects\mssql\base.py", line 2926, in _switch_db
    return fn(*arg, **kw)
  File "C:\NETPAG\DesarrolloOrganizado\nueva-intra\backend\venv\Lib\site-packages\sqlalchemy\dialects\mssql\base.py", line 3740, in get_columns
    c = connection.execution_options(**exec_opts).execute(s)
  File "C:\NETPAG\DesarrolloOrganizado\nueva-intra\backend\venv\Lib\site-packages\sqlalchemy\engine\base.py", line 1419, in execute
    return meth(
        self,
        distilled_parameters,
        execution_options or NO_OPTIONS,
    )
  File "C:\NETPAG\DesarrolloOrganizado\nueva-intra\backend\venv\Lib\site-packages\sqlalchemy\sql\elements.py", line 526, in _execute_on_connection
    return connection._execute_clauseelement(
           ~~~~~~~~~~~~~~~~~~~~~~~~~~~~~~~~~^
        self, distilled_params, execution_options
        ^^^^^^^^^^^^^^^^^^^^^^^^^^^^^^^^^^^^^^^^^
    )
    ^
  File "C:\NETPAG\DesarrolloOrganizado\nueva-intra\backend\venv\Lib\site-packages\sqlalchemy\engine\base.py", line 1641, in _execute_clauseelement
    ret = self._execute_context(
        dialect,
    ...<8 lines>...
        cache_hit=cache_hit,
    )
  File "C:\NETPAG\DesarrolloOrganizado\nueva-intra\backend\venv\Lib\site-packages\sqlalchemy\engine\base.py", line 1846, in _execute_context
    return self._exec_single_context(
           ~~~~~~~~~~~~~~~~~~~~~~~~~^
        dialect, context, statement, parameters
        ^^^^^^^^^^^^^^^^^^^^^^^^^^^^^^^^^^^^^^^
    )
    ^
  File "C:\NETPAG\DesarrolloOrganizado\nueva-intra\backend\venv\Lib\site-packages\sqlalchemy\engine\base.py", line 1986, in _exec_single_context
    self._handle_dbapi_exception(
    ~~~~~~~~~~~~~~~~~~~~~~~~~~~~^
        e, str_statement, effective_parameters, cursor, context
        ^^^^^^^^^^^^^^^^^^^^^^^^^^^^^^^^^^^^^^^^^^^^^^^^^^^^^^^
    )
    ^
  File "C:\NETPAG\DesarrolloOrganizado\nueva-intra\backend\venv\Lib\site-packages\sqlalchemy\engine\base.py", line 2355, in _handle_dbapi_exception
    raise sqlalchemy_exception.with_traceback(exc_info[2]) from e
  File "C:\NETPAG\DesarrolloOrganizado\nueva-intra\backend\venv\Lib\site-packages\sqlalchemy\engine\base.py", line 1967, in _exec_single_context
    self.dialect.do_execute(
    ~~~~~~~~~~~~~~~~~~~~~~~^
        cursor, str_statement, effective_parameters, context
        ^^^^^^^^^^^^^^^^^^^^^^^^^^^^^^^^^^^^^^^^^^^^^^^^^^^^
    )
    ^
  File "C:\NETPAG\DesarrolloOrganizado\nueva-intra\backend\venv\Lib\site-packages\sqlalchemy\engine\default.py", line 951, in do_execute
    cursor.execute(statement, parameters)
    ~~~~~~~~~~~~~~^^^^^^^^^^^^^^^^^^^^^^^
sqlalchemy.exc.OperationalError: (pyodbc.OperationalError) ('08S01', '[08S01] [Microsoft][ODBC Driver 17 for SQL Server]TCP Provider: Se ha forzado la interrupción de una conexión existente por el host remoto.\r\n (10054) (SQLExecDirectW); [08S01] [Microsoft][ODBC Driver 17 for SQL Server]Communication link failure (10054)')
[SQL: SELECT sys.columns.name, sys.types.name AS name_1, sys.columns.is_nullable, sys.columns.max_length, sys.columns.[precision], sys.columns.scale, sys.default_constraints.definition, sys.columns.collation_name, sys.computed_columns.definition AS definition_1, sys.computed_columns.is_persisted, sys.identity_columns.is_identity, CAST(sys.identity_columns.seed_value AS NUMERIC(38, 0)) AS seed_value, CAST(sys.identity_columns.increment_value AS NUMERIC(38, 0)) AS increment_value, CAST(sys.extended_properties.value AS NVARCHAR(max)) AS comment 
FROM sys.columns JOIN sys.types ON sys.columns.user_type_id = sys.types.user_type_id LEFT OUTER JOIN sys.default_constraints ON sys.default_constraints.object_id = sys.columns.default_object_id AND sys.default_constraints.parent_column_id = sys.columns.column_id LEFT OUTER JOIN sys.computed_columns ON sys.computed_columns.object_id = sys.columns.object_id AND sys.computed_columns.column_id = sys.columns.column_id LEFT OUTER JOIN sys.identity_columns ON sys.identity_columns.object_id = sys.columns.object_id AND sys.identity_columns.column_id = sys.columns.column_id LEFT OUTER JOIN sys.extended_properties ON sys.extended_properties.class = ? AND sys.extended_properties.name = CAST(? AS NVARCHAR(max)) AND sys.columns.object_id = sys.extended_properties.major_id AND sys.columns.column_id = sys.extended_properties.minor_id 
WHERE sys.columns.object_id = object_id(?) ORDER BY sys.columns.column_id]
[parameters: (1, 'MS_Description', 'dbo.[1009_RTG_0020ACSA_]')]
(Background on this error at: https://sqlalche.me/e/20/e3q8)
2025-11-05 14:16:59,437 - app.db_operations - INFO - Se encontraron 4 estrategias activas para '0020ACSA'.
2025-11-05 14:17:03,396 - app.db_operations - INFO - Cargando datos de la estrategia ID: 37
2025-11-05 14:17:03,964 - app.db_operations - INFO - Aplicando orden: FECHA_ULTIMA_GESTION -1
2025-11-05 14:17:03,965 - app.db_operations - INFO - Ejecutando consulta (paginada) con params: {'desde_param_deuda': '100000', 'hasta_param_deuda': '200000', 'desde_param_fecha_ultima_gestion': '2025-10-20', 'hasta_param_fecha_ultima_gestion': '2025-10-30'}
2025-11-05 14:17:04,568 - app.db_operations - INFO - Aplicando orden: FECHA_ULTIMA_GESTION -1
2025-11-05 14:17:04,569 - app.db_operations - INFO - Ejecutando consulta (paginada) con params: {'desde_param_deuda': '100000', 'hasta_param_deuda': '200000', 'desde_param_fecha_ultima_gestion': '2025-10-20', 'hasta_param_fecha_ultima_gestion': '2025-10-30'}
2025-11-05 14:17:22,991 - app.db_operations - INFO - Se encontraron 4 estrategias activas para '0020ACSA'.
2025-11-05 14:17:23,159 - app.db_operations - INFO - Aplicando orden por defecto (columna 1)
2025-11-05 14:17:23,160 - app.db_operations - INFO - Ejecutando consulta (paginada) con params: {}
2025-11-05 14:17:27,775 - app.db_operations - INFO - Se encontraron 0 estrategias activas para '0200ENTE'.
2025-11-05 14:17:27,970 - app.db_operations - INFO - Aplicando orden por defecto (columna 1)
2025-11-05 14:17:27,971 - app.db_operations - INFO - Ejecutando consulta (paginada) con params: {}
2025-11-05 16:53:31,645 - root - INFO - Sistema de logging configurado correctamente.
2025-11-05 16:54:05,067 - app.db_user_operations - INFO - Login exitoso para el email: aascanio@netpag.cl
2025-11-05 16:54:24,663 - app.routers.trazabilidad_router - INFO - Tarea d88c056a-76e5-4550-931a-53c8b60fd757 iniciada por aascanio@netpag.cl.
2025-11-05 16:54:24,665 - app.routers.trazabilidad_router - INFO - [Task d88c056a-76e5-4550-931a-53c8b60fd757] Iniciando consulta TRAF para aascanio@netpag.cl...
2025-11-05 16:54:24,814 - app.db_traf_operations - INFO - Ejecutando consulta en la vista TRAF: SELECT "PERIODO", "SEMANA", "CLIENTE", "CAMPANA", "RUT", "TIPO", "TELEFONO", "FECHA", "HORA", "GESTION", "DURACION", "FECHAHORA", "TIPIFICACION", "VALOR_UNITARIO", "VALOR_MINUTAJE", "RUTDV", "IC", "CODIGOCAMP", "PROVEEDOR", "SUBCATEGORIA", "OrigenTabla" 
FROM dbo."vw_TrafMasividades" 
WHERE CAST("RUT" AS VARCHAR(255)) = :param_rut AND (
        CASE
            -- Si ya es tipo DATE, usarlo directamente
            WHEN SQL_VARIANT_PROPERTY([FECHA], 'BaseType') = 'date' 
                THEN CAST([FECHA] AS DATE)
            
            -- Formato YYYYMMDD (8 dígitos)
            WHEN LEN(REPLACE(REPLACE([FECHA], ';', ''), ' ', '')) = 8 
                AND ISDATE(LEFT(REPLACE(REPLACE([FECHA], ';', ''), ' ', ''), 8)) = 1
                THEN CONVERT(DATE, LEFT(REPLACE(REPLACE([FECHA], ';', ''), ' ', ''), 8), 112)
            
            -- Formato DD/MM/YYYY (103)
            WHEN CHARINDEX('/', [FECHA]) > 0 
                AND ISDATE(LEFT(REPLACE([FECHA], ';', ''), 10)) = 1
                THEN CONVERT(DATE, LEFT(REPLACE([FECHA], ';', ''), 10), 103)
            
            -- Formato DD-MM-YYYY (105)
            WHEN CHARINDEX('-', [FECHA]) > 0 
                AND SUBSTRING([FECHA], 3, 1) = '-'
                AND ISDATE(LEFT([FECHA], 10)) = 1
                THEN CONVERT(DATE, LEFT([FECHA], 10), 105)
            
            -- Formato ISO YYYY-MM-DD (120 o 126)
            WHEN CHARINDEX('-', [FECHA]) > 0 
                AND SUBSTRING([FECHA], 5, 1) = '-'
                AND ISDATE([FECHA]) = 1
                THEN CONVERT(DATE, [FECHA], 120)
            
            -- Intento genérico con CONVERT
            WHEN ISDATE([FECHA]) = 1
                THEN CONVERT(DATE, [FECHA])
            
            ELSE NULL
        END
    ) >= :desde_param_fecha AND (
        CASE
            -- Si ya es tipo DATE, usarlo directamente
            WHEN SQL_VARIANT_PROPERTY([FECHA], 'BaseType') = 'date' 
                THEN CAST([FECHA] AS DATE)
            
            -- Formato YYYYMMDD (8 dígitos)
            WHEN LEN(REPLACE(REPLACE([FECHA], ';', ''), ' ', '')) = 8 
                AND ISDATE(LEFT(REPLACE(REPLACE([FECHA], ';', ''), ' ', ''), 8)) = 1
                THEN CONVERT(DATE, LEFT(REPLACE(REPLACE([FECHA], ';', ''), ' ', ''), 8), 112)
            
            -- Formato DD/MM/YYYY (103)
            WHEN CHARINDEX('/', [FECHA]) > 0 
                AND ISDATE(LEFT(REPLACE([FECHA], ';', ''), 10)) = 1
                THEN CONVERT(DATE, LEFT(REPLACE([FECHA], ';', ''), 10), 103)
            
            -- Formato DD-MM-YYYY (105)
            WHEN CHARINDEX('-', [FECHA]) > 0 
                AND SUBSTRING([FECHA], 3, 1) = '-'
                AND ISDATE(LEFT([FECHA], 10)) = 1
                THEN CONVERT(DATE, LEFT([FECHA], 10), 105)
            
            -- Formato ISO YYYY-MM-DD (120 o 126)
            WHEN CHARINDEX('-', [FECHA]) > 0 
                AND SUBSTRING([FECHA], 5, 1) = '-'
                AND ISDATE([FECHA]) = 1
                THEN CONVERT(DATE, [FECHA], 120)
            
            -- Intento genérico con CONVERT
            WHEN ISDATE([FECHA]) = 1
                THEN CONVERT(DATE, [FECHA])
            
            ELSE NULL
        END
    ) <= :hasta_param_fecha ORDER BY dbo."vw_TrafMasividades"."PERIODO" con parámetros: {'param_rut': '17564436', 'desde_param_fecha': '2025-01-01', 'hasta_param_fecha': '2025-11-05'}
2025-11-05 16:59:50,106 - app.routers.trazabilidad_router - INFO - [Task d88c056a-76e5-4550-931a-53c8b60fd757] Consulta completada. 37 filas.
2025-11-05 16:59:50,112 - app.routers.trazabilidad_router - INFO - [Task d88c056a-76e5-4550-931a-53c8b60fd757] Sesión de DB de tarea cerrada.
2025-11-05 16:59:55,014 - app.routers.trazabilidad_router - INFO - Resultados de d88c056a-76e5-4550-931a-53c8b60fd757 entregados. Tarea limpiada.
2025-11-05 17:00:24,306 - app.database - ERROR - Sesión de DB 'rollback' para 'b2c' debido a error: 404: Tarea no encontrada o no completada. Vuelva a consultar.
2025-11-05 17:00:24,306 - app.database - ERROR - Error en la sesión de DB 'b2c': 404: Tarea no encontrada o no completada. Vuelva a consultar.
Traceback (most recent call last):
  File "C:\NETPAG\DesarrolloOrganizado\nueva-intra\backend\app\database.py", line 52, in get_db_session
    yield connection
  File "C:\NETPAG\DesarrolloOrganizado\nueva-intra\backend\venv\Lib\site-packages\fastapi\concurrency.py", line 27, in contextmanager_in_threadpool
    yield await run_in_threadpool(cm.__enter__)
  File "C:\NETPAG\DesarrolloOrganizado\nueva-intra\backend\venv\Lib\site-packages\fastapi\routing.py", line 109, in app
    response = await f(request)
               ^^^^^^^^^^^^^^^^
  File "C:\NETPAG\DesarrolloOrganizado\nueva-intra\backend\venv\Lib\site-packages\fastapi\routing.py", line 389, in app
    raw_response = await run_endpoint_function(
                   ^^^^^^^^^^^^^^^^^^^^^^^^^^^^
    ...<3 lines>...
    )
    ^
  File "C:\NETPAG\DesarrolloOrganizado\nueva-intra\backend\venv\Lib\site-packages\fastapi\routing.py", line 288, in run_endpoint_function
    return await dependant.call(**values)
           ^^^^^^^^^^^^^^^^^^^^^^^^^^^^^^
  File "C:\NETPAG\DesarrolloOrganizado\nueva-intra\backend\app\routers\trazabilidad_router.py", line 266, in export_trazabilidad_data
    raise HTTPException(status_code=404, detail="Tarea no encontrada o no completada. Vuelva a consultar.")
fastapi.exceptions.HTTPException: 404: Tarea no encontrada o no completada. Vuelva a consultar.
2025-11-05 17:00:31,746 - app.database - ERROR - Sesión de DB 'rollback' para 'b2c' debido a error: 404: Tarea no encontrada o no completada. Vuelva a consultar.
2025-11-05 17:00:31,747 - app.database - ERROR - Error en la sesión de DB 'b2c': 404: Tarea no encontrada o no completada. Vuelva a consultar.
Traceback (most recent call last):
  File "C:\NETPAG\DesarrolloOrganizado\nueva-intra\backend\app\database.py", line 52, in get_db_session
    yield connection
  File "C:\NETPAG\DesarrolloOrganizado\nueva-intra\backend\venv\Lib\site-packages\fastapi\concurrency.py", line 27, in contextmanager_in_threadpool
    yield await run_in_threadpool(cm.__enter__)
  File "C:\NETPAG\DesarrolloOrganizado\nueva-intra\backend\venv\Lib\site-packages\fastapi\routing.py", line 109, in app
    response = await f(request)
               ^^^^^^^^^^^^^^^^
  File "C:\NETPAG\DesarrolloOrganizado\nueva-intra\backend\venv\Lib\site-packages\fastapi\routing.py", line 389, in app
    raw_response = await run_endpoint_function(
                   ^^^^^^^^^^^^^^^^^^^^^^^^^^^^
    ...<3 lines>...
    )
    ^
  File "C:\NETPAG\DesarrolloOrganizado\nueva-intra\backend\venv\Lib\site-packages\fastapi\routing.py", line 288, in run_endpoint_function
    return await dependant.call(**values)
           ^^^^^^^^^^^^^^^^^^^^^^^^^^^^^^
  File "C:\NETPAG\DesarrolloOrganizado\nueva-intra\backend\app\routers\trazabilidad_router.py", line 266, in export_trazabilidad_data
    raise HTTPException(status_code=404, detail="Tarea no encontrada o no completada. Vuelva a consultar.")
fastapi.exceptions.HTTPException: 404: Tarea no encontrada o no completada. Vuelva a consultar.
2025-11-06 08:47:52,518 - root - INFO - Sistema de logging configurado correctamente.
2025-11-06 08:57:39,355 - root - INFO - Sistema de logging configurado correctamente.
2025-11-06 09:04:54,434 - app.db_user_operations - INFO - Login exitoso para el email: aascanio@netpag.cl
2025-11-06 09:05:00,320 - app.db_operations - INFO - Se encontraron 4 estrategias activas para '0020ACSA'.
2025-11-06 09:05:01,006 - app.db_operations - INFO - Aplicando orden por defecto (columna 1)
2025-11-06 09:05:01,007 - app.db_operations - INFO - Ejecutando consulta (paginada) con params: {}
2025-11-06 09:06:39,950 - app.routers.trazabilidad_router - INFO - Tarea 77cf66a0-fe0d-4570-8582-8638c35f4e3b iniciada por aascanio@netpag.cl.
2025-11-06 09:06:39,952 - app.routers.trazabilidad_router - INFO - [Task 77cf66a0-fe0d-4570-8582-8638c35f4e3b] Iniciando consulta TRAF para aascanio@netpag.cl...
2025-11-06 09:06:40,082 - app.db_traf_operations - INFO - Ejecutando consulta en la vista TRAF: SELECT "PERIODO", "SEMANA", "CLIENTE", "CAMPANA", "RUT", "USUARIO", "TELEFONO", "FECHA", "HORA", "RESP_TELEFONIA", "CATEGORIA", "SUBCATEGORIA", "SUBCATEGORIA1", "TIPO_DISCADOR", "DURACION", "GRABACION", "FECHAHORA", "TIPIFICACION", "VALOR_UNITARIO", "VALOR_MINUTAJE", "RUTDV", "OrigenTabla" 
FROM dbo."vw_TrafDiscador" 
WHERE lower(CAST("CLIENTE" AS VARCHAR(255))) LIKE :param_cliente AND (
        CASE
            -- Si ya es tipo DATE, usarlo directamente
            WHEN SQL_VARIANT_PROPERTY([FECHA], 'BaseType') = 'date' 
                THEN CAST([FECHA] AS DATE)
            
            -- Formato YYYYMMDD (8 dígitos)
            WHEN LEN(REPLACE(REPLACE([FECHA], ';', ''), ' ', '')) = 8 
                AND ISDATE(LEFT(REPLACE(REPLACE([FECHA], ';', ''), ' ', ''), 8)) = 1
                THEN CONVERT(DATE, LEFT(REPLACE(REPLACE([FECHA], ';', ''), ' ', ''), 8), 112)
            
            -- Formato DD/MM/YYYY (103)
            WHEN CHARINDEX('/', [FECHA]) > 0 
                AND ISDATE(LEFT(REPLACE([FECHA], ';', ''), 10)) = 1
                THEN CONVERT(DATE, LEFT(REPLACE([FECHA], ';', ''), 10), 103)
            
            -- Formato DD-MM-YYYY (105)
            WHEN CHARINDEX('-', [FECHA]) > 0 
                AND SUBSTRING([FECHA], 3, 1) = '-'
                AND ISDATE(LEFT([FECHA], 10)) = 1
                THEN CONVERT(DATE, LEFT([FECHA], 10), 105)
            
            -- Formato ISO YYYY-MM-DD (120 o 126)
            WHEN CHARINDEX('-', [FECHA]) > 0 
                AND SUBSTRING([FECHA], 5, 1) = '-'
                AND ISDATE([FECHA]) = 1
                THEN CONVERT(DATE, [FECHA], 120)
            
            -- Intento genérico con CONVERT
            WHEN ISDATE([FECHA]) = 1
                THEN CONVERT(DATE, [FECHA])
            
            ELSE NULL
        END
    ) >= :desde_param_fecha AND (
        CASE
            -- Si ya es tipo DATE, usarlo directamente
            WHEN SQL_VARIANT_PROPERTY([FECHA], 'BaseType') = 'date' 
                THEN CAST([FECHA] AS DATE)
            
            -- Formato YYYYMMDD (8 dígitos)
            WHEN LEN(REPLACE(REPLACE([FECHA], ';', ''), ' ', '')) = 8 
                AND ISDATE(LEFT(REPLACE(REPLACE([FECHA], ';', ''), ' ', ''), 8)) = 1
                THEN CONVERT(DATE, LEFT(REPLACE(REPLACE([FECHA], ';', ''), ' ', ''), 8), 112)
            
            -- Formato DD/MM/YYYY (103)
            WHEN CHARINDEX('/', [FECHA]) > 0 
                AND ISDATE(LEFT(REPLACE([FECHA], ';', ''), 10)) = 1
                THEN CONVERT(DATE, LEFT(REPLACE([FECHA], ';', ''), 10), 103)
            
            -- Formato DD-MM-YYYY (105)
            WHEN CHARINDEX('-', [FECHA]) > 0 
                AND SUBSTRING([FECHA], 3, 1) = '-'
                AND ISDATE(LEFT([FECHA], 10)) = 1
                THEN CONVERT(DATE, LEFT([FECHA], 10), 105)
            
            -- Formato ISO YYYY-MM-DD (120 o 126)
            WHEN CHARINDEX('-', [FECHA]) > 0 
                AND SUBSTRING([FECHA], 5, 1) = '-'
                AND ISDATE([FECHA]) = 1
                THEN CONVERT(DATE, [FECHA], 120)
            
            -- Intento genérico con CONVERT
            WHEN ISDATE([FECHA]) = 1
                THEN CONVERT(DATE, [FECHA])
            
            ELSE NULL
        END
    ) <= :hasta_param_fecha ORDER BY dbo."vw_TrafDiscador"."PERIODO" con parámetros: {'param_cliente': '%lider%', 'desde_param_fecha': '2025-11-04', 'hasta_param_fecha': '2025-11-05'}
2025-11-06 09:08:40,333 - app.routers.trazabilidad_router - INFO - [Task 77cf66a0-fe0d-4570-8582-8638c35f4e3b] Consulta completada. 0 filas.
2025-11-06 09:08:40,335 - app.routers.trazabilidad_router - INFO - [Task 77cf66a0-fe0d-4570-8582-8638c35f4e3b] Sesión de DB de tarea cerrada.
2025-11-06 09:08:40,368 - app.routers.trazabilidad_router - INFO - Resultados de 77cf66a0-fe0d-4570-8582-8638c35f4e3b entregados. La tarea permanece en caché para exportación.
2025-11-06 09:21:41,299 - root - INFO - Sistema de logging configurado correctamente.
2025-11-06 09:23:10,155 - app.routers.trazabilidad_router - INFO - Tarea 55e9b70f-ffa9-4b83-b0c1-2c5002a1b6c3 iniciada por aascanio@netpag.cl.
2025-11-06 09:23:10,157 - app.routers.trazabilidad_router - INFO - [Task 55e9b70f-ffa9-4b83-b0c1-2c5002a1b6c3] Iniciando consulta TRAF para aascanio@netpag.cl...
2025-11-06 09:23:10,302 - app.db_traf_operations - INFO - Ejecutando consulta en la vista TRAF: SELECT "PERIODO", "SEMANA", "CLIENTE", "CAMPANA", "RUT", "USUARIO", "TELEFONO", "FECHA", "HORA", "RESP_TELEFONIA", "CATEGORIA", "SUBCATEGORIA", "SUBCATEGORIA1", "TIPO_DISCADOR", "DURACION", "GRABACION", "FECHAHORA", "TIPIFICACION", "VALOR_UNITARIO", "VALOR_MINUTAJE", "RUTDV", "OrigenTabla" 
FROM dbo."vw_TrafDiscador" 
WHERE CAST("RUT" AS VARCHAR(255)) = :param_rut AND (
        CASE
            -- Si ya es tipo DATE, usarlo directamente
            WHEN SQL_VARIANT_PROPERTY([FECHA], 'BaseType') = 'date' 
                THEN CAST([FECHA] AS DATE)
            
            -- Formato YYYYMMDD (8 dígitos)
            WHEN LEN(REPLACE(REPLACE([FECHA], ';', ''), ' ', '')) = 8 
                AND ISDATE(LEFT(REPLACE(REPLACE([FECHA], ';', ''), ' ', ''), 8)) = 1
                THEN CONVERT(DATE, LEFT(REPLACE(REPLACE([FECHA], ';', ''), ' ', ''), 8), 112)
            
            -- Formato DD/MM/YYYY (103)
            WHEN CHARINDEX('/', [FECHA]) > 0 
                AND ISDATE(LEFT(REPLACE([FECHA], ';', ''), 10)) = 1
                THEN CONVERT(DATE, LEFT(REPLACE([FECHA], ';', ''), 10), 103)
            
            -- Formato DD-MM-YYYY (105)
            WHEN CHARINDEX('-', [FECHA]) > 0 
                AND SUBSTRING([FECHA], 3, 1) = '-'
                AND ISDATE(LEFT([FECHA], 10)) = 1
                THEN CONVERT(DATE, LEFT([FECHA], 10), 105)
            
            -- Formato ISO YYYY-MM-DD (120 o 126)
            WHEN CHARINDEX('-', [FECHA]) > 0 
                AND SUBSTRING([FECHA], 5, 1) = '-'
                AND ISDATE([FECHA]) = 1
                THEN CONVERT(DATE, [FECHA], 120)
            
            -- Intento genérico con CONVERT
            WHEN ISDATE([FECHA]) = 1
                THEN CONVERT(DATE, [FECHA])
            
            ELSE NULL
        END
    ) >= :desde_param_fecha AND (
        CASE
            -- Si ya es tipo DATE, usarlo directamente
            WHEN SQL_VARIANT_PROPERTY([FECHA], 'BaseType') = 'date' 
                THEN CAST([FECHA] AS DATE)
            
            -- Formato YYYYMMDD (8 dígitos)
            WHEN LEN(REPLACE(REPLACE([FECHA], ';', ''), ' ', '')) = 8 
                AND ISDATE(LEFT(REPLACE(REPLACE([FECHA], ';', ''), ' ', ''), 8)) = 1
                THEN CONVERT(DATE, LEFT(REPLACE(REPLACE([FECHA], ';', ''), ' ', ''), 8), 112)
            
            -- Formato DD/MM/YYYY (103)
            WHEN CHARINDEX('/', [FECHA]) > 0 
                AND ISDATE(LEFT(REPLACE([FECHA], ';', ''), 10)) = 1
                THEN CONVERT(DATE, LEFT(REPLACE([FECHA], ';', ''), 10), 103)
            
            -- Formato DD-MM-YYYY (105)
            WHEN CHARINDEX('-', [FECHA]) > 0 
                AND SUBSTRING([FECHA], 3, 1) = '-'
                AND ISDATE(LEFT([FECHA], 10)) = 1
                THEN CONVERT(DATE, LEFT([FECHA], 10), 105)
            
            -- Formato ISO YYYY-MM-DD (120 o 126)
            WHEN CHARINDEX('-', [FECHA]) > 0 
                AND SUBSTRING([FECHA], 5, 1) = '-'
                AND ISDATE([FECHA]) = 1
                THEN CONVERT(DATE, [FECHA], 120)
            
            -- Intento genérico con CONVERT
            WHEN ISDATE([FECHA]) = 1
                THEN CONVERT(DATE, [FECHA])
            
            ELSE NULL
        END
    ) <= :hasta_param_fecha ORDER BY dbo."vw_TrafDiscador"."PERIODO" con parámetros: {'param_rut': '26625480', 'desde_param_fecha': '2025-11-03', 'hasta_param_fecha': '2025-11-04'}
2025-11-06 09:24:51,268 - app.routers.trazabilidad_router - INFO - [Task 55e9b70f-ffa9-4b83-b0c1-2c5002a1b6c3] Consulta completada. 1 filas.
2025-11-06 09:24:51,270 - app.routers.trazabilidad_router - INFO - [Task 55e9b70f-ffa9-4b83-b0c1-2c5002a1b6c3] Sesión de DB de tarea cerrada.
2025-11-06 09:25:00,519 - app.routers.trazabilidad_router - INFO - Resultados de 55e9b70f-ffa9-4b83-b0c1-2c5002a1b6c3 entregados. La tarea permanece en caché para exportación.
2025-11-06 09:25:56,005 - app.routers.trazabilidad_router - INFO - Tarea 55e9b70f-ffa9-4b83-b0c1-2c5002a1b6c3 (estado: complete) limpiada de la memoria por aascanio@netpag.cl.
2025-11-06 09:26:10,748 - app.routers.trazabilidad_router - INFO - Tarea 0d234d65-fc8c-4c9a-a187-4e0870f8c882 iniciada por aascanio@netpag.cl.
2025-11-06 09:26:10,751 - app.routers.trazabilidad_router - INFO - [Task 0d234d65-fc8c-4c9a-a187-4e0870f8c882] Iniciando consulta TRAF para aascanio@netpag.cl...
2025-11-06 09:26:10,871 - app.db_traf_operations - INFO - Ejecutando consulta en la vista TRAF: SELECT "PERIODO", "SEMANA", "CLIENTE", "CAMPANA", "RUT", "USUARIO", "TELEFONO", "FECHA", "HORA", "RESP_TELEFONIA", "CATEGORIA", "SUBCATEGORIA", "SUBCATEGORIA1", "TIPO_DISCADOR", "DURACION", "GRABACION", "FECHAHORA", "TIPIFICACION", "VALOR_UNITARIO", "VALOR_MINUTAJE", "RUTDV", "OrigenTabla" 
FROM dbo."vw_TrafDiscador" 
WHERE lower(CAST("RUT" AS VARCHAR(255))) LIKE :param_rut AND (
        CASE
            -- Si ya es tipo DATE, usarlo directamente
            WHEN SQL_VARIANT_PROPERTY([FECHA], 'BaseType') = 'date' 
                THEN CAST([FECHA] AS DATE)
            
            -- Formato YYYYMMDD (8 dígitos)
            WHEN LEN(REPLACE(REPLACE([FECHA], ';', ''), ' ', '')) = 8 
                AND ISDATE(LEFT(REPLACE(REPLACE([FECHA], ';', ''), ' ', ''), 8)) = 1
                THEN CONVERT(DATE, LEFT(REPLACE(REPLACE([FECHA], ';', ''), ' ', ''), 8), 112)
            
            -- Formato DD/MM/YYYY (103)
            WHEN CHARINDEX('/', [FECHA]) > 0 
                AND ISDATE(LEFT(REPLACE([FECHA], ';', ''), 10)) = 1
                THEN CONVERT(DATE, LEFT(REPLACE([FECHA], ';', ''), 10), 103)
            
            -- Formato DD-MM-YYYY (105)
            WHEN CHARINDEX('-', [FECHA]) > 0 
                AND SUBSTRING([FECHA], 3, 1) = '-'
                AND ISDATE(LEFT([FECHA], 10)) = 1
                THEN CONVERT(DATE, LEFT([FECHA], 10), 105)
            
            -- Formato ISO YYYY-MM-DD (120 o 126)
            WHEN CHARINDEX('-', [FECHA]) > 0 
                AND SUBSTRING([FECHA], 5, 1) = '-'
                AND ISDATE([FECHA]) = 1
                THEN CONVERT(DATE, [FECHA], 120)
            
            -- Intento genérico con CONVERT
            WHEN ISDATE([FECHA]) = 1
                THEN CONVERT(DATE, [FECHA])
            
            ELSE NULL
        END
    ) >= :desde_param_fecha AND (
        CASE
            -- Si ya es tipo DATE, usarlo directamente
            WHEN SQL_VARIANT_PROPERTY([FECHA], 'BaseType') = 'date' 
                THEN CAST([FECHA] AS DATE)
            
            -- Formato YYYYMMDD (8 dígitos)
            WHEN LEN(REPLACE(REPLACE([FECHA], ';', ''), ' ', '')) = 8 
                AND ISDATE(LEFT(REPLACE(REPLACE([FECHA], ';', ''), ' ', ''), 8)) = 1
                THEN CONVERT(DATE, LEFT(REPLACE(REPLACE([FECHA], ';', ''), ' ', ''), 8), 112)
            
            -- Formato DD/MM/YYYY (103)
            WHEN CHARINDEX('/', [FECHA]) > 0 
                AND ISDATE(LEFT(REPLACE([FECHA], ';', ''), 10)) = 1
                THEN CONVERT(DATE, LEFT(REPLACE([FECHA], ';', ''), 10), 103)
            
            -- Formato DD-MM-YYYY (105)
            WHEN CHARINDEX('-', [FECHA]) > 0 
                AND SUBSTRING([FECHA], 3, 1) = '-'
                AND ISDATE(LEFT([FECHA], 10)) = 1
                THEN CONVERT(DATE, LEFT([FECHA], 10), 105)
            
            -- Formato ISO YYYY-MM-DD (120 o 126)
            WHEN CHARINDEX('-', [FECHA]) > 0 
                AND SUBSTRING([FECHA], 5, 1) = '-'
                AND ISDATE([FECHA]) = 1
                THEN CONVERT(DATE, [FECHA], 120)
            
            -- Intento genérico con CONVERT
            WHEN ISDATE([FECHA]) = 1
                THEN CONVERT(DATE, [FECHA])
            
            ELSE NULL
        END
    ) <= :hasta_param_fecha ORDER BY dbo."vw_TrafDiscador"."PERIODO" con parámetros: {'param_rut': '%26625480%', 'desde_param_fecha': '2025-11-03', 'hasta_param_fecha': '2025-11-04'}
2025-11-06 09:26:36,367 - app.routers.trazabilidad_router - INFO - [Task 0d234d65-fc8c-4c9a-a187-4e0870f8c882] Consulta completada. 1 filas.
2025-11-06 09:26:36,369 - app.routers.trazabilidad_router - INFO - [Task 0d234d65-fc8c-4c9a-a187-4e0870f8c882] Sesión de DB de tarea cerrada.
2025-11-06 09:26:41,118 - app.routers.trazabilidad_router - INFO - Resultados de 0d234d65-fc8c-4c9a-a187-4e0870f8c882 entregados. La tarea permanece en caché para exportación.
2025-11-06 09:26:51,702 - app.routers.trazabilidad_router - INFO - Tarea 0d234d65-fc8c-4c9a-a187-4e0870f8c882 (estado: complete) limpiada de la memoria por aascanio@netpag.cl.
2025-11-06 09:27:05,401 - app.routers.trazabilidad_router - INFO - Tarea a1b41f6a-a45e-4205-957d-1006ec1db263 iniciada por aascanio@netpag.cl.
2025-11-06 09:27:05,404 - app.routers.trazabilidad_router - INFO - [Task a1b41f6a-a45e-4205-957d-1006ec1db263] Iniciando consulta TRAF para aascanio@netpag.cl...
2025-11-06 09:27:05,498 - app.db_traf_operations - INFO - Ejecutando consulta en la vista TRAF: SELECT "PERIODO", "SEMANA", "CLIENTE", "CAMPANA", "RUT", "USUARIO", "TELEFONO", "FECHA", "HORA", "RESP_TELEFONIA", "CATEGORIA", "SUBCATEGORIA", "SUBCATEGORIA1", "TIPO_DISCADOR", "DURACION", "GRABACION", "FECHAHORA", "TIPIFICACION", "VALOR_UNITARIO", "VALOR_MINUTAJE", "RUTDV", "OrigenTabla" 
FROM dbo."vw_TrafDiscador" 
WHERE (
        CASE
            -- Si ya es tipo DATE, usarlo directamente
            WHEN SQL_VARIANT_PROPERTY([FECHA], 'BaseType') = 'date' 
                THEN CAST([FECHA] AS DATE)
            
            -- Formato YYYYMMDD (8 dígitos)
            WHEN LEN(REPLACE(REPLACE([FECHA], ';', ''), ' ', '')) = 8 
                AND ISDATE(LEFT(REPLACE(REPLACE([FECHA], ';', ''), ' ', ''), 8)) = 1
                THEN CONVERT(DATE, LEFT(REPLACE(REPLACE([FECHA], ';', ''), ' ', ''), 8), 112)
            
            -- Formato DD/MM/YYYY (103)
            WHEN CHARINDEX('/', [FECHA]) > 0 
                AND ISDATE(LEFT(REPLACE([FECHA], ';', ''), 10)) = 1
                THEN CONVERT(DATE, LEFT(REPLACE([FECHA], ';', ''), 10), 103)
            
            -- Formato DD-MM-YYYY (105)
            WHEN CHARINDEX('-', [FECHA]) > 0 
                AND SUBSTRING([FECHA], 3, 1) = '-'
                AND ISDATE(LEFT([FECHA], 10)) = 1
                THEN CONVERT(DATE, LEFT([FECHA], 10), 105)
            
            -- Formato ISO YYYY-MM-DD (120 o 126)
            WHEN CHARINDEX('-', [FECHA]) > 0 
                AND SUBSTRING([FECHA], 5, 1) = '-'
                AND ISDATE([FECHA]) = 1
                THEN CONVERT(DATE, [FECHA], 120)
            
            -- Intento genérico con CONVERT
            WHEN ISDATE([FECHA]) = 1
                THEN CONVERT(DATE, [FECHA])
            
            ELSE NULL
        END
    ) >= :desde_param_fecha AND (
        CASE
            -- Si ya es tipo DATE, usarlo directamente
            WHEN SQL_VARIANT_PROPERTY([FECHA], 'BaseType') = 'date' 
                THEN CAST([FECHA] AS DATE)
            
            -- Formato YYYYMMDD (8 dígitos)
            WHEN LEN(REPLACE(REPLACE([FECHA], ';', ''), ' ', '')) = 8 
                AND ISDATE(LEFT(REPLACE(REPLACE([FECHA], ';', ''), ' ', ''), 8)) = 1
                THEN CONVERT(DATE, LEFT(REPLACE(REPLACE([FECHA], ';', ''), ' ', ''), 8), 112)
            
            -- Formato DD/MM/YYYY (103)
            WHEN CHARINDEX('/', [FECHA]) > 0 
                AND ISDATE(LEFT(REPLACE([FECHA], ';', ''), 10)) = 1
                THEN CONVERT(DATE, LEFT(REPLACE([FECHA], ';', ''), 10), 103)
            
            -- Formato DD-MM-YYYY (105)
            WHEN CHARINDEX('-', [FECHA]) > 0 
                AND SUBSTRING([FECHA], 3, 1) = '-'
                AND ISDATE(LEFT([FECHA], 10)) = 1
                THEN CONVERT(DATE, LEFT([FECHA], 10), 105)
            
            -- Formato ISO YYYY-MM-DD (120 o 126)
            WHEN CHARINDEX('-', [FECHA]) > 0 
                AND SUBSTRING([FECHA], 5, 1) = '-'
                AND ISDATE([FECHA]) = 1
                THEN CONVERT(DATE, [FECHA], 120)
            
            -- Intento genérico con CONVERT
            WHEN ISDATE([FECHA]) = 1
                THEN CONVERT(DATE, [FECHA])
            
            ELSE NULL
        END
    ) <= :hasta_param_fecha ORDER BY dbo."vw_TrafDiscador"."PERIODO" con parámetros: {'desde_param_fecha': '2025-11-03', 'hasta_param_fecha': '2025-11-04'}
2025-11-06 09:28:39,935 - app.routers.trazabilidad_router - INFO - [Task a1b41f6a-a45e-4205-957d-1006ec1db263] Consulta completada. 508243 filas.
2025-11-06 09:28:39,939 - app.routers.trazabilidad_router - INFO - [Task a1b41f6a-a45e-4205-957d-1006ec1db263] Sesión de DB de tarea cerrada.
2025-11-06 09:28:45,849 - app.routers.trazabilidad_router - INFO - Resultados de a1b41f6a-a45e-4205-957d-1006ec1db263 entregados. La tarea permanece en caché para exportación.
2025-11-06 09:34:54,143 - app.routers.trazabilidad_router - INFO - Tarea a1b41f6a-a45e-4205-957d-1006ec1db263 (estado: complete) limpiada de la memoria por aascanio@netpag.cl.
2025-11-06 10:27:30,925 - app.db_user_operations - ERROR - Error durante la verificación de usuario: (pyodbc.OperationalError) ('08S01', '[08S01] [Microsoft][ODBC Driver 17 for SQL Server]TCP Provider: Se ha forzado la interrupción de una conexión existente por el host remoto.\r\n (10054) (SQLExecDirectW); [08S01] [Microsoft][ODBC Driver 17 for SQL Server]Communication link failure (10054)')
[SQL: SELECT sys.columns.name, sys.types.name AS name_1, sys.columns.is_nullable, sys.columns.max_length, sys.columns.[precision], sys.columns.scale, sys.default_constraints.definition, sys.columns.collation_name, sys.computed_columns.definition AS definition_1, sys.computed_columns.is_persisted, sys.identity_columns.is_identity, CAST(sys.identity_columns.seed_value AS NUMERIC(38, 0)) AS seed_value, CAST(sys.identity_columns.increment_value AS NUMERIC(38, 0)) AS increment_value, CAST(sys.extended_properties.value AS NVARCHAR(max)) AS comment 
FROM sys.columns JOIN sys.types ON sys.columns.user_type_id = sys.types.user_type_id LEFT OUTER JOIN sys.default_constraints ON sys.default_constraints.object_id = sys.columns.default_object_id AND sys.default_constraints.parent_column_id = sys.columns.column_id LEFT OUTER JOIN sys.computed_columns ON sys.computed_columns.object_id = sys.columns.object_id AND sys.computed_columns.column_id = sys.columns.column_id LEFT OUTER JOIN sys.identity_columns ON sys.identity_columns.object_id = sys.columns.object_id AND sys.identity_columns.column_id = sys.columns.column_id LEFT OUTER JOIN sys.extended_properties ON sys.extended_properties.class = ? AND sys.extended_properties.name = CAST(? AS NVARCHAR(max)) AND sys.columns.object_id = sys.extended_properties.major_id AND sys.columns.column_id = sys.extended_properties.minor_id 
WHERE sys.columns.object_id = object_id(?) ORDER BY sys.columns.column_id]
[parameters: (1, 'MS_Description', 'dbo.[Usuarios]')]
(Background on this error at: https://sqlalche.me/e/20/e3q8)
Traceback (most recent call last):
  File "C:\NETPAG\DesarrolloOrganizado\nueva-intra\backend\venv\Lib\site-packages\sqlalchemy\engine\base.py", line 1967, in _exec_single_context
    self.dialect.do_execute(
    ~~~~~~~~~~~~~~~~~~~~~~~^
        cursor, str_statement, effective_parameters, context
        ^^^^^^^^^^^^^^^^^^^^^^^^^^^^^^^^^^^^^^^^^^^^^^^^^^^^
    )
    ^
  File "C:\NETPAG\DesarrolloOrganizado\nueva-intra\backend\venv\Lib\site-packages\sqlalchemy\engine\default.py", line 951, in do_execute
    cursor.execute(statement, parameters)
    ~~~~~~~~~~~~~~^^^^^^^^^^^^^^^^^^^^^^^
pyodbc.OperationalError: ('08S01', '[08S01] [Microsoft][ODBC Driver 17 for SQL Server]TCP Provider: Se ha forzado la interrupción de una conexión existente por el host remoto.\r\n (10054) (SQLExecDirectW); [08S01] [Microsoft][ODBC Driver 17 for SQL Server]Communication link failure (10054)')

The above exception was the direct cause of the following exception:

Traceback (most recent call last):
  File "C:\NETPAG\DesarrolloOrganizado\nueva-intra\backend\app\db_user_operations.py", line 50, in verificar_usuario_db
    tabla = _get_reflected_table("tabla_usuarios")
  File "C:\NETPAG\DesarrolloOrganizado\nueva-intra\backend\app\db_operations.py", line 51, in _get_reflected_table
    tabla = Table(
        info["table_name"],
    ...<2 lines>...
        autoload_with=engine_para_reflejar
    )
  File "<string>", line 2, in __new__
  File "C:\NETPAG\DesarrolloOrganizado\nueva-intra\backend\venv\Lib\site-packages\sqlalchemy\util\deprecations.py", line 281, in warned
    return fn(*args, **kwargs)  # type: ignore[no-any-return]
  File "C:\NETPAG\DesarrolloOrganizado\nueva-intra\backend\venv\Lib\site-packages\sqlalchemy\sql\schema.py", line 429, in __new__
    return cls._new(*args, **kw)
           ~~~~~~~~^^^^^^^^^^^^^
  File "C:\NETPAG\DesarrolloOrganizado\nueva-intra\backend\venv\Lib\site-packages\sqlalchemy\sql\schema.py", line 483, in _new
    with util.safe_reraise():
         ~~~~~~~~~~~~~~~~~^^
  File "C:\NETPAG\DesarrolloOrganizado\nueva-intra\backend\venv\Lib\site-packages\sqlalchemy\util\langhelpers.py", line 224, in __exit__
    raise exc_value.with_traceback(exc_tb)
  File "C:\NETPAG\DesarrolloOrganizado\nueva-intra\backend\venv\Lib\site-packages\sqlalchemy\sql\schema.py", line 479, in _new
    table.__init__(name, metadata, *args, _no_init=False, **kw)  # type: ignore[misc] # noqa: E501
    ~~~~~~~~~~~~~~^^^^^^^^^^^^^^^^^^^^^^^^^^^^^^^^^^^^^^^^^^^^^
  File "C:\NETPAG\DesarrolloOrganizado\nueva-intra\backend\venv\Lib\site-packages\sqlalchemy\sql\schema.py", line 861, in __init__
    self._autoload(
    ~~~~~~~~~~~~~~^
        metadata,
        ^^^^^^^^^
    ...<4 lines>...
        resolve_fks=resolve_fks,
        ^^^^^^^^^^^^^^^^^^^^^^^^
    )
    ^
  File "C:\NETPAG\DesarrolloOrganizado\nueva-intra\backend\venv\Lib\site-packages\sqlalchemy\sql\schema.py", line 893, in _autoload
    conn_insp.reflect_table(
    ~~~~~~~~~~~~~~~~~~~~~~~^
        self,
        ^^^^^
    ...<4 lines>...
        _reflect_info=_reflect_info,
        ^^^^^^^^^^^^^^^^^^^^^^^^^^^^
    )
    ^
  File "C:\NETPAG\DesarrolloOrganizado\nueva-intra\backend\venv\Lib\site-packages\sqlalchemy\engine\reflection.py", line 1536, in reflect_table
    _reflect_info = self._get_reflection_info(
        schema,
    ...<4 lines>...
        **table.dialect_kwargs,
    )
  File "C:\NETPAG\DesarrolloOrganizado\nueva-intra\backend\venv\Lib\site-packages\sqlalchemy\engine\reflection.py", line 2019, in _get_reflection_info
    columns=run(
            ~~~^
        self.get_multi_columns, check_filter_names_from_meth=True
        ^^^^^^^^^^^^^^^^^^^^^^^^^^^^^^^^^^^^^^^^^^^^^^^^^^^^^^^^^
    ),
    ^
  File "C:\NETPAG\DesarrolloOrganizado\nueva-intra\backend\venv\Lib\site-packages\sqlalchemy\engine\reflection.py", line 2005, in run
    res = meth(filter_names=_fn, **kw)
  File "C:\NETPAG\DesarrolloOrganizado\nueva-intra\backend\venv\Lib\site-packages\sqlalchemy\engine\reflection.py", line 931, in get_multi_columns
    table_col_defs = dict(
        self.dialect.get_multi_columns(
    ...<7 lines>...
        )
    )
  File "C:\NETPAG\DesarrolloOrganizado\nueva-intra\backend\venv\Lib\site-packages\sqlalchemy\engine\default.py", line 1135, in _default_multi_reflect
    single_tbl_method(
    ~~~~~~~~~~~~~~~~~^
        connection, table, schema=schema, **kw
        ^^^^^^^^^^^^^^^^^^^^^^^^^^^^^^^^^^^^^^
    ),
    ^
  File "<string>", line 2, in get_columns
  File "C:\NETPAG\DesarrolloOrganizado\nueva-intra\backend\venv\Lib\site-packages\sqlalchemy\engine\reflection.py", line 106, in cache
    ret = fn(self, con, *args, **kw)
  File "C:\NETPAG\DesarrolloOrganizado\nueva-intra\backend\venv\Lib\site-packages\sqlalchemy\dialects\mssql\base.py", line 2902, in wrap
    return _switch_db(
        dbname,
    ...<8 lines>...
        **kw,
    )
  File "C:\NETPAG\DesarrolloOrganizado\nueva-intra\backend\venv\Lib\site-packages\sqlalchemy\dialects\mssql\base.py", line 2926, in _switch_db
    return fn(*arg, **kw)
  File "C:\NETPAG\DesarrolloOrganizado\nueva-intra\backend\venv\Lib\site-packages\sqlalchemy\dialects\mssql\base.py", line 3740, in get_columns
    c = connection.execution_options(**exec_opts).execute(s)
  File "C:\NETPAG\DesarrolloOrganizado\nueva-intra\backend\venv\Lib\site-packages\sqlalchemy\engine\base.py", line 1419, in execute
    return meth(
        self,
        distilled_parameters,
        execution_options or NO_OPTIONS,
    )
  File "C:\NETPAG\DesarrolloOrganizado\nueva-intra\backend\venv\Lib\site-packages\sqlalchemy\sql\elements.py", line 526, in _execute_on_connection
    return connection._execute_clauseelement(
           ~~~~~~~~~~~~~~~~~~~~~~~~~~~~~~~~~^
        self, distilled_params, execution_options
        ^^^^^^^^^^^^^^^^^^^^^^^^^^^^^^^^^^^^^^^^^
    )
    ^
  File "C:\NETPAG\DesarrolloOrganizado\nueva-intra\backend\venv\Lib\site-packages\sqlalchemy\engine\base.py", line 1641, in _execute_clauseelement
    ret = self._execute_context(
        dialect,
    ...<8 lines>...
        cache_hit=cache_hit,
    )
  File "C:\NETPAG\DesarrolloOrganizado\nueva-intra\backend\venv\Lib\site-packages\sqlalchemy\engine\base.py", line 1846, in _execute_context
    return self._exec_single_context(
           ~~~~~~~~~~~~~~~~~~~~~~~~~^
        dialect, context, statement, parameters
        ^^^^^^^^^^^^^^^^^^^^^^^^^^^^^^^^^^^^^^^
    )
    ^
  File "C:\NETPAG\DesarrolloOrganizado\nueva-intra\backend\venv\Lib\site-packages\sqlalchemy\engine\base.py", line 1986, in _exec_single_context
    self._handle_dbapi_exception(
    ~~~~~~~~~~~~~~~~~~~~~~~~~~~~^
        e, str_statement, effective_parameters, cursor, context
        ^^^^^^^^^^^^^^^^^^^^^^^^^^^^^^^^^^^^^^^^^^^^^^^^^^^^^^^
    )
    ^
  File "C:\NETPAG\DesarrolloOrganizado\nueva-intra\backend\venv\Lib\site-packages\sqlalchemy\engine\base.py", line 2355, in _handle_dbapi_exception
    raise sqlalchemy_exception.with_traceback(exc_info[2]) from e
  File "C:\NETPAG\DesarrolloOrganizado\nueva-intra\backend\venv\Lib\site-packages\sqlalchemy\engine\base.py", line 1967, in _exec_single_context
    self.dialect.do_execute(
    ~~~~~~~~~~~~~~~~~~~~~~~^
        cursor, str_statement, effective_parameters, context
        ^^^^^^^^^^^^^^^^^^^^^^^^^^^^^^^^^^^^^^^^^^^^^^^^^^^^
    )
    ^
  File "C:\NETPAG\DesarrolloOrganizado\nueva-intra\backend\venv\Lib\site-packages\sqlalchemy\engine\default.py", line 951, in do_execute
    cursor.execute(statement, parameters)
    ~~~~~~~~~~~~~~^^^^^^^^^^^^^^^^^^^^^^^
sqlalchemy.exc.OperationalError: (pyodbc.OperationalError) ('08S01', '[08S01] [Microsoft][ODBC Driver 17 for SQL Server]TCP Provider: Se ha forzado la interrupción de una conexión existente por el host remoto.\r\n (10054) (SQLExecDirectW); [08S01] [Microsoft][ODBC Driver 17 for SQL Server]Communication link failure (10054)')
[SQL: SELECT sys.columns.name, sys.types.name AS name_1, sys.columns.is_nullable, sys.columns.max_length, sys.columns.[precision], sys.columns.scale, sys.default_constraints.definition, sys.columns.collation_name, sys.computed_columns.definition AS definition_1, sys.computed_columns.is_persisted, sys.identity_columns.is_identity, CAST(sys.identity_columns.seed_value AS NUMERIC(38, 0)) AS seed_value, CAST(sys.identity_columns.increment_value AS NUMERIC(38, 0)) AS increment_value, CAST(sys.extended_properties.value AS NVARCHAR(max)) AS comment 
FROM sys.columns JOIN sys.types ON sys.columns.user_type_id = sys.types.user_type_id LEFT OUTER JOIN sys.default_constraints ON sys.default_constraints.object_id = sys.columns.default_object_id AND sys.default_constraints.parent_column_id = sys.columns.column_id LEFT OUTER JOIN sys.computed_columns ON sys.computed_columns.object_id = sys.columns.object_id AND sys.computed_columns.column_id = sys.columns.column_id LEFT OUTER JOIN sys.identity_columns ON sys.identity_columns.object_id = sys.columns.object_id AND sys.identity_columns.column_id = sys.columns.column_id LEFT OUTER JOIN sys.extended_properties ON sys.extended_properties.class = ? AND sys.extended_properties.name = CAST(? AS NVARCHAR(max)) AND sys.columns.object_id = sys.extended_properties.major_id AND sys.columns.column_id = sys.extended_properties.minor_id 
WHERE sys.columns.object_id = object_id(?) ORDER BY sys.columns.column_id]
[parameters: (1, 'MS_Description', 'dbo.[Usuarios]')]
(Background on this error at: https://sqlalche.me/e/20/e3q8)
2025-11-06 10:27:31,495 - app.db_user_operations - ERROR - FALLO AL REGISTRAR AUDITORÍA: (pyodbc.OperationalError) ('08S01', '[08S01] [Microsoft][ODBC Driver 17 for SQL Server]TCP Provider: Se ha forzado la interrupción de una conexión existente por el host remoto.\r\n (10054) (SQLExecDirectW); [08S01] [Microsoft][ODBC Driver 17 for SQL Server]Communication link failure (10054)')
[SQL: INSERT INTO dbo.[AuditoriaUsuarios] (nombre_usuario, accion, detalles_json) OUTPUT inserted.id_log VALUES (?, ?, ?)]
[parameters: ('aascanio@netpag.cl', 'login_fallido', '{"email": "aascanio@netpag.cl"}')]
(Background on this error at: https://sqlalche.me/e/20/e3q8)
Traceback (most recent call last):
  File "C:\NETPAG\DesarrolloOrganizado\nueva-intra\backend\venv\Lib\site-packages\sqlalchemy\engine\base.py", line 1967, in _exec_single_context
    self.dialect.do_execute(
    ~~~~~~~~~~~~~~~~~~~~~~~^
        cursor, str_statement, effective_parameters, context
        ^^^^^^^^^^^^^^^^^^^^^^^^^^^^^^^^^^^^^^^^^^^^^^^^^^^^
    )
    ^
  File "C:\NETPAG\DesarrolloOrganizado\nueva-intra\backend\venv\Lib\site-packages\sqlalchemy\engine\default.py", line 951, in do_execute
    cursor.execute(statement, parameters)
    ~~~~~~~~~~~~~~^^^^^^^^^^^^^^^^^^^^^^^
pyodbc.OperationalError: ('08S01', '[08S01] [Microsoft][ODBC Driver 17 for SQL Server]TCP Provider: Se ha forzado la interrupción de una conexión existente por el host remoto.\r\n (10054) (SQLExecDirectW); [08S01] [Microsoft][ODBC Driver 17 for SQL Server]Communication link failure (10054)')

The above exception was the direct cause of the following exception:

Traceback (most recent call last):
  File "C:\NETPAG\DesarrolloOrganizado\nueva-intra\backend\app\db_user_operations.py", line 96, in registrar_accion_db
    db_session.execute(stmt)
    ~~~~~~~~~~~~~~~~~~^^^^^^
  File "C:\NETPAG\DesarrolloOrganizado\nueva-intra\backend\venv\Lib\site-packages\sqlalchemy\engine\base.py", line 1419, in execute
    return meth(
        self,
        distilled_parameters,
        execution_options or NO_OPTIONS,
    )
  File "C:\NETPAG\DesarrolloOrganizado\nueva-intra\backend\venv\Lib\site-packages\sqlalchemy\sql\elements.py", line 526, in _execute_on_connection
    return connection._execute_clauseelement(
           ~~~~~~~~~~~~~~~~~~~~~~~~~~~~~~~~~^
        self, distilled_params, execution_options
        ^^^^^^^^^^^^^^^^^^^^^^^^^^^^^^^^^^^^^^^^^
    )
    ^
  File "C:\NETPAG\DesarrolloOrganizado\nueva-intra\backend\venv\Lib\site-packages\sqlalchemy\engine\base.py", line 1641, in _execute_clauseelement
    ret = self._execute_context(
        dialect,
    ...<8 lines>...
        cache_hit=cache_hit,
    )
  File "C:\NETPAG\DesarrolloOrganizado\nueva-intra\backend\venv\Lib\site-packages\sqlalchemy\engine\base.py", line 1846, in _execute_context
    return self._exec_single_context(
           ~~~~~~~~~~~~~~~~~~~~~~~~~^
        dialect, context, statement, parameters
        ^^^^^^^^^^^^^^^^^^^^^^^^^^^^^^^^^^^^^^^
    )
    ^
  File "C:\NETPAG\DesarrolloOrganizado\nueva-intra\backend\venv\Lib\site-packages\sqlalchemy\engine\base.py", line 1986, in _exec_single_context
    self._handle_dbapi_exception(
    ~~~~~~~~~~~~~~~~~~~~~~~~~~~~^
        e, str_statement, effective_parameters, cursor, context
        ^^^^^^^^^^^^^^^^^^^^^^^^^^^^^^^^^^^^^^^^^^^^^^^^^^^^^^^
    )
    ^
  File "C:\NETPAG\DesarrolloOrganizado\nueva-intra\backend\venv\Lib\site-packages\sqlalchemy\engine\base.py", line 2355, in _handle_dbapi_exception
    raise sqlalchemy_exception.with_traceback(exc_info[2]) from e
  File "C:\NETPAG\DesarrolloOrganizado\nueva-intra\backend\venv\Lib\site-packages\sqlalchemy\engine\base.py", line 1967, in _exec_single_context
    self.dialect.do_execute(
    ~~~~~~~~~~~~~~~~~~~~~~~^
        cursor, str_statement, effective_parameters, context
        ^^^^^^^^^^^^^^^^^^^^^^^^^^^^^^^^^^^^^^^^^^^^^^^^^^^^
    )
    ^
  File "C:\NETPAG\DesarrolloOrganizado\nueva-intra\backend\venv\Lib\site-packages\sqlalchemy\engine\default.py", line 951, in do_execute
    cursor.execute(statement, parameters)
    ~~~~~~~~~~~~~~^^^^^^^^^^^^^^^^^^^^^^^
sqlalchemy.exc.OperationalError: (pyodbc.OperationalError) ('08S01', '[08S01] [Microsoft][ODBC Driver 17 for SQL Server]TCP Provider: Se ha forzado la interrupción de una conexión existente por el host remoto.\r\n (10054) (SQLExecDirectW); [08S01] [Microsoft][ODBC Driver 17 for SQL Server]Communication link failure (10054)')
[SQL: INSERT INTO dbo.[AuditoriaUsuarios] (nombre_usuario, accion, detalles_json) OUTPUT inserted.id_log VALUES (?, ?, ?)]
[parameters: ('aascanio@netpag.cl', 'login_fallido', '{"email": "aascanio@netpag.cl"}')]
(Background on this error at: https://sqlalche.me/e/20/e3q8)
2025-11-06 10:27:31,513 - app.database - ERROR - Sesión de DB 'rollback' para 'b2c' debido a error: 401: Correo o contraseña incorrecta
2025-11-06 10:27:31,515 - app.database - ERROR - Error en la sesión de DB 'b2c': 401: Correo o contraseña incorrecta
Traceback (most recent call last):
  File "C:\NETPAG\DesarrolloOrganizado\nueva-intra\backend\app\database.py", line 52, in get_db_session
    yield connection
  File "C:\NETPAG\DesarrolloOrganizado\nueva-intra\backend\venv\Lib\site-packages\fastapi\concurrency.py", line 27, in contextmanager_in_threadpool
    yield await run_in_threadpool(cm.__enter__)
  File "C:\NETPAG\DesarrolloOrganizado\nueva-intra\backend\venv\Lib\site-packages\fastapi\routing.py", line 109, in app
    response = await f(request)
               ^^^^^^^^^^^^^^^^
  File "C:\NETPAG\DesarrolloOrganizado\nueva-intra\backend\venv\Lib\site-packages\fastapi\routing.py", line 389, in app
    raw_response = await run_endpoint_function(
                   ^^^^^^^^^^^^^^^^^^^^^^^^^^^^
    ...<3 lines>...
    )
    ^
  File "C:\NETPAG\DesarrolloOrganizado\nueva-intra\backend\venv\Lib\site-packages\fastapi\routing.py", line 288, in run_endpoint_function
    return await dependant.call(**values)
           ^^^^^^^^^^^^^^^^^^^^^^^^^^^^^^
  File "C:\NETPAG\DesarrolloOrganizado\nueva-intra\backend\app\routers\auth_router.py", line 68, in login_for_access_token
    raise HTTPException(
    ...<3 lines>...
    )
fastapi.exceptions.HTTPException: 401: Correo o contraseña incorrecta
2025-11-06 10:27:36,278 - app.db_user_operations - INFO - Login exitoso para el email: aascanio@netpag.cl
2025-11-06 10:28:03,857 - app.routers.trazabilidad_router - INFO - Tarea f327b552-ecd9-4fd6-b99f-97afee6ce65c iniciada por aascanio@netpag.cl.
2025-11-06 10:28:03,860 - app.routers.trazabilidad_router - INFO - [Task f327b552-ecd9-4fd6-b99f-97afee6ce65c] Iniciando consulta TRAF para aascanio@netpag.cl...
2025-11-06 10:28:03,991 - app.db_traf_operations - INFO - Ejecutando consulta en la vista TRAF: SELECT "PERIODO", "SEMANA", "CLIENTE", "CAMPANA", "RUT", "USUARIO", "TELEFONO", "FECHA", "HORA", "RESP_TELEFONIA", "CATEGORIA", "SUBCATEGORIA", "SUBCATEGORIA1", "TIPO_DISCADOR", "DURACION", "GRABACION", "FECHAHORA", "TIPIFICACION", "VALOR_UNITARIO", "VALOR_MINUTAJE", "RUTDV", "OrigenTabla" 
FROM dbo."vw_TrafDiscador" 
WHERE (
        CASE
            -- Si ya es tipo DATE, usarlo directamente
            WHEN SQL_VARIANT_PROPERTY([FECHA], 'BaseType') = 'date' 
                THEN CAST([FECHA] AS DATE)
            
            -- Formato YYYYMMDD (8 dígitos)
            WHEN LEN(REPLACE(REPLACE([FECHA], ';', ''), ' ', '')) = 8 
                AND ISDATE(LEFT(REPLACE(REPLACE([FECHA], ';', ''), ' ', ''), 8)) = 1
                THEN CONVERT(DATE, LEFT(REPLACE(REPLACE([FECHA], ';', ''), ' ', ''), 8), 112)
            
            -- Formato DD/MM/YYYY (103)
            WHEN CHARINDEX('/', [FECHA]) > 0 
                AND ISDATE(LEFT(REPLACE([FECHA], ';', ''), 10)) = 1
                THEN CONVERT(DATE, LEFT(REPLACE([FECHA], ';', ''), 10), 103)
            
            -- Formato DD-MM-YYYY (105)
            WHEN CHARINDEX('-', [FECHA]) > 0 
                AND SUBSTRING([FECHA], 3, 1) = '-'
                AND ISDATE(LEFT([FECHA], 10)) = 1
                THEN CONVERT(DATE, LEFT([FECHA], 10), 105)
            
            -- Formato ISO YYYY-MM-DD (120 o 126)
            WHEN CHARINDEX('-', [FECHA]) > 0 
                AND SUBSTRING([FECHA], 5, 1) = '-'
                AND ISDATE([FECHA]) = 1
                THEN CONVERT(DATE, [FECHA], 120)
            
            -- Intento genérico con CONVERT
            WHEN ISDATE([FECHA]) = 1
                THEN CONVERT(DATE, [FECHA])
            
            ELSE NULL
        END
    ) >= :desde_param_fecha AND (
        CASE
            -- Si ya es tipo DATE, usarlo directamente
            WHEN SQL_VARIANT_PROPERTY([FECHA], 'BaseType') = 'date' 
                THEN CAST([FECHA] AS DATE)
            
            -- Formato YYYYMMDD (8 dígitos)
            WHEN LEN(REPLACE(REPLACE([FECHA], ';', ''), ' ', '')) = 8 
                AND ISDATE(LEFT(REPLACE(REPLACE([FECHA], ';', ''), ' ', ''), 8)) = 1
                THEN CONVERT(DATE, LEFT(REPLACE(REPLACE([FECHA], ';', ''), ' ', ''), 8), 112)
            
            -- Formato DD/MM/YYYY (103)
            WHEN CHARINDEX('/', [FECHA]) > 0 
                AND ISDATE(LEFT(REPLACE([FECHA], ';', ''), 10)) = 1
                THEN CONVERT(DATE, LEFT(REPLACE([FECHA], ';', ''), 10), 103)
            
            -- Formato DD-MM-YYYY (105)
            WHEN CHARINDEX('-', [FECHA]) > 0 
                AND SUBSTRING([FECHA], 3, 1) = '-'
                AND ISDATE(LEFT([FECHA], 10)) = 1
                THEN CONVERT(DATE, LEFT([FECHA], 10), 105)
            
            -- Formato ISO YYYY-MM-DD (120 o 126)
            WHEN CHARINDEX('-', [FECHA]) > 0 
                AND SUBSTRING([FECHA], 5, 1) = '-'
                AND ISDATE([FECHA]) = 1
                THEN CONVERT(DATE, [FECHA], 120)
            
            -- Intento genérico con CONVERT
            WHEN ISDATE([FECHA]) = 1
                THEN CONVERT(DATE, [FECHA])
            
            ELSE NULL
        END
    ) <= :hasta_param_fecha ORDER BY dbo."vw_TrafDiscador"."PERIODO" con parámetros: {'desde_param_fecha': '2025-11-04', 'hasta_param_fecha': '2025-11-05'}
2025-11-06 10:28:06,644 - app.routers.trazabilidad_router - INFO - Cancelación solicitada para la tarea f327b552-ecd9-4fd6-b99f-97afee6ce65c por aascanio@netpag.cl.
2025-11-06 10:29:45,180 - app.routers.trazabilidad_router - INFO - [Task f327b552-ecd9-4fd6-b99f-97afee6ce65c] Tarea cancelada. Descartando resultados.
2025-11-06 10:29:45,192 - app.routers.trazabilidad_router - INFO - [Task f327b552-ecd9-4fd6-b99f-97afee6ce65c] Sesión de DB de tarea cerrada.
2025-11-06 11:22:30,425 - app.routers.trazabilidad_router - INFO - Tarea 85677760-a67e-47d5-a7cf-2b8cfa4c5ce4 iniciada por aascanio@netpag.cl.
2025-11-06 11:22:30,439 - app.routers.trazabilidad_router - INFO - [Task 85677760-a67e-47d5-a7cf-2b8cfa4c5ce4] Iniciando consulta TRAF para aascanio@netpag.cl...
2025-11-06 11:22:30,619 - app.db_traf_operations - INFO - Ejecutando consulta en la vista TRAF: SELECT "PERIODO", "SEMANA", "CLIENTE", "CAMPANA", "RUT", "TIPO", "TELEFONO", "FECHA", "HORA", "GESTION", "DURACION", "FECHAHORA", "TIPIFICACION", "VALOR_UNITARIO", "VALOR_MINUTAJE", "RUTDV", "IC", "CODIGOCAMP", "PROVEEDOR", "SUBCATEGORIA", "OrigenTabla" 
FROM dbo."vw_TrafMasividades" 
WHERE (
        CASE
            -- Si ya es tipo DATE, usarlo directamente
            WHEN SQL_VARIANT_PROPERTY([FECHA], 'BaseType') = 'date' 
                THEN CAST([FECHA] AS DATE)
            
            -- Formato YYYYMMDD (8 dígitos)
            WHEN LEN(REPLACE(REPLACE([FECHA], ';', ''), ' ', '')) = 8 
                AND ISDATE(LEFT(REPLACE(REPLACE([FECHA], ';', ''), ' ', ''), 8)) = 1
                THEN CONVERT(DATE, LEFT(REPLACE(REPLACE([FECHA], ';', ''), ' ', ''), 8), 112)
            
            -- Formato DD/MM/YYYY (103)
            WHEN CHARINDEX('/', [FECHA]) > 0 
                AND ISDATE(LEFT(REPLACE([FECHA], ';', ''), 10)) = 1
                THEN CONVERT(DATE, LEFT(REPLACE([FECHA], ';', ''), 10), 103)
            
            -- Formato DD-MM-YYYY (105)
            WHEN CHARINDEX('-', [FECHA]) > 0 
                AND SUBSTRING([FECHA], 3, 1) = '-'
                AND ISDATE(LEFT([FECHA], 10)) = 1
                THEN CONVERT(DATE, LEFT([FECHA], 10), 105)
            
            -- Formato ISO YYYY-MM-DD (120 o 126)
            WHEN CHARINDEX('-', [FECHA]) > 0 
                AND SUBSTRING([FECHA], 5, 1) = '-'
                AND ISDATE([FECHA]) = 1
                THEN CONVERT(DATE, [FECHA], 120)
            
            -- Intento genérico con CONVERT
            WHEN ISDATE([FECHA]) = 1
                THEN CONVERT(DATE, [FECHA])
            
            ELSE NULL
        END
    ) >= :desde_param_fecha AND (
        CASE
            -- Si ya es tipo DATE, usarlo directamente
            WHEN SQL_VARIANT_PROPERTY([FECHA], 'BaseType') = 'date' 
                THEN CAST([FECHA] AS DATE)
            
            -- Formato YYYYMMDD (8 dígitos)
            WHEN LEN(REPLACE(REPLACE([FECHA], ';', ''), ' ', '')) = 8 
                AND ISDATE(LEFT(REPLACE(REPLACE([FECHA], ';', ''), ' ', ''), 8)) = 1
                THEN CONVERT(DATE, LEFT(REPLACE(REPLACE([FECHA], ';', ''), ' ', ''), 8), 112)
            
            -- Formato DD/MM/YYYY (103)
            WHEN CHARINDEX('/', [FECHA]) > 0 
                AND ISDATE(LEFT(REPLACE([FECHA], ';', ''), 10)) = 1
                THEN CONVERT(DATE, LEFT(REPLACE([FECHA], ';', ''), 10), 103)
            
            -- Formato DD-MM-YYYY (105)
            WHEN CHARINDEX('-', [FECHA]) > 0 
                AND SUBSTRING([FECHA], 3, 1) = '-'
                AND ISDATE(LEFT([FECHA], 10)) = 1
                THEN CONVERT(DATE, LEFT([FECHA], 10), 105)
            
            -- Formato ISO YYYY-MM-DD (120 o 126)
            WHEN CHARINDEX('-', [FECHA]) > 0 
                AND SUBSTRING([FECHA], 5, 1) = '-'
                AND ISDATE([FECHA]) = 1
                THEN CONVERT(DATE, [FECHA], 120)
            
            -- Intento genérico con CONVERT
            WHEN ISDATE([FECHA]) = 1
                THEN CONVERT(DATE, [FECHA])
            
            ELSE NULL
        END
    ) <= :hasta_param_fecha ORDER BY dbo."vw_TrafMasividades"."PERIODO" con parámetros: {'desde_param_fecha': '2025-11-04', 'hasta_param_fecha': '2025-11-05'}
2025-11-06 11:22:36,151 - app.routers.trazabilidad_router - INFO - Cancelación solicitada para la tarea 85677760-a67e-47d5-a7cf-2b8cfa4c5ce4 por aascanio@netpag.cl.
2025-11-06 11:30:27,598 - app.db_user_operations - INFO - Login exitoso para el email: aascanio@netpag.cl
2025-11-06 11:30:41,336 - app.routers.trazabilidad_router - INFO - Tarea 8345aaf2-f06f-41dd-9b6a-90b7d95f807c iniciada por aascanio@netpag.cl.
2025-11-06 11:30:41,339 - app.routers.trazabilidad_router - INFO - [Task 8345aaf2-f06f-41dd-9b6a-90b7d95f807c] Iniciando consulta TRAF para aascanio@netpag.cl...
2025-11-06 11:30:41,559 - app.db_traf_operations - INFO - Ejecutando consulta en la vista TRAF: SELECT "PERIODO", "SEMANA", "CLIENTE", "CAMPANA", "RUT", "USUARIO", "TELEFONO", "FECHA", "HORA", "RESP_TELEFONIA", "CATEGORIA", "SUBCATEGORIA", "SUBCATEGORIA1", "TIPO_DISCADOR", "DURACION", "GRABACION", "FECHAHORA", "TIPIFICACION", "VALOR_UNITARIO", "VALOR_MINUTAJE", "RUTDV", "OrigenTabla" 
FROM dbo."vw_TrafDiscador" 
WHERE (
        CASE
            -- Si ya es tipo DATE, usarlo directamente
            WHEN SQL_VARIANT_PROPERTY([FECHA], 'BaseType') = 'date' 
                THEN CAST([FECHA] AS DATE)
            
            -- Formato YYYYMMDD (8 dígitos)
            WHEN LEN(REPLACE(REPLACE([FECHA], ';', ''), ' ', '')) = 8 
                AND ISDATE(LEFT(REPLACE(REPLACE([FECHA], ';', ''), ' ', ''), 8)) = 1
                THEN CONVERT(DATE, LEFT(REPLACE(REPLACE([FECHA], ';', ''), ' ', ''), 8), 112)
            
            -- Formato DD/MM/YYYY (103)
            WHEN CHARINDEX('/', [FECHA]) > 0 
                AND ISDATE(LEFT(REPLACE([FECHA], ';', ''), 10)) = 1
                THEN CONVERT(DATE, LEFT(REPLACE([FECHA], ';', ''), 10), 103)
            
            -- Formato DD-MM-YYYY (105)
            WHEN CHARINDEX('-', [FECHA]) > 0 
                AND SUBSTRING([FECHA], 3, 1) = '-'
                AND ISDATE(LEFT([FECHA], 10)) = 1
                THEN CONVERT(DATE, LEFT([FECHA], 10), 105)
            
            -- Formato ISO YYYY-MM-DD (120 o 126)
            WHEN CHARINDEX('-', [FECHA]) > 0 
                AND SUBSTRING([FECHA], 5, 1) = '-'
                AND ISDATE([FECHA]) = 1
                THEN CONVERT(DATE, [FECHA], 120)
            
            -- Intento genérico con CONVERT
            WHEN ISDATE([FECHA]) = 1
                THEN CONVERT(DATE, [FECHA])
            
            ELSE NULL
        END
    ) >= :desde_param_fecha AND (
        CASE
            -- Si ya es tipo DATE, usarlo directamente
            WHEN SQL_VARIANT_PROPERTY([FECHA], 'BaseType') = 'date' 
                THEN CAST([FECHA] AS DATE)
            
            -- Formato YYYYMMDD (8 dígitos)
            WHEN LEN(REPLACE(REPLACE([FECHA], ';', ''), ' ', '')) = 8 
                AND ISDATE(LEFT(REPLACE(REPLACE([FECHA], ';', ''), ' ', ''), 8)) = 1
                THEN CONVERT(DATE, LEFT(REPLACE(REPLACE([FECHA], ';', ''), ' ', ''), 8), 112)
            
            -- Formato DD/MM/YYYY (103)
            WHEN CHARINDEX('/', [FECHA]) > 0 
                AND ISDATE(LEFT(REPLACE([FECHA], ';', ''), 10)) = 1
                THEN CONVERT(DATE, LEFT(REPLACE([FECHA], ';', ''), 10), 103)
            
            -- Formato DD-MM-YYYY (105)
            WHEN CHARINDEX('-', [FECHA]) > 0 
                AND SUBSTRING([FECHA], 3, 1) = '-'
                AND ISDATE(LEFT([FECHA], 10)) = 1
                THEN CONVERT(DATE, LEFT([FECHA], 10), 105)
            
            -- Formato ISO YYYY-MM-DD (120 o 126)
            WHEN CHARINDEX('-', [FECHA]) > 0 
                AND SUBSTRING([FECHA], 5, 1) = '-'
                AND ISDATE([FECHA]) = 1
                THEN CONVERT(DATE, [FECHA], 120)
            
            -- Intento genérico con CONVERT
            WHEN ISDATE([FECHA]) = 1
                THEN CONVERT(DATE, [FECHA])
            
            ELSE NULL
        END
    ) <= :hasta_param_fecha ORDER BY dbo."vw_TrafDiscador"."PERIODO" con parámetros: {'desde_param_fecha': '2025-11-03', 'hasta_param_fecha': '2025-11-04'}
2025-11-06 11:30:46,670 - app.routers.trazabilidad_router - INFO - Cancelación solicitada para la tarea 8345aaf2-f06f-41dd-9b6a-90b7d95f807c por aascanio@netpag.cl.
2025-11-06 11:32:58,909 - app.routers.trazabilidad_router - INFO - [Task 85677760-a67e-47d5-a7cf-2b8cfa4c5ce4] Tarea cancelada. Descartando resultados.
2025-11-06 11:32:59,021 - app.routers.trazabilidad_router - INFO - [Task 85677760-a67e-47d5-a7cf-2b8cfa4c5ce4] Sesión de DB de tarea cerrada.
2025-11-06 11:34:58,667 - app.routers.trazabilidad_router - INFO - [Task 8345aaf2-f06f-41dd-9b6a-90b7d95f807c] Tarea cancelada. Descartando resultados.
2025-11-06 11:34:58,670 - app.routers.trazabilidad_router - INFO - [Task 8345aaf2-f06f-41dd-9b6a-90b7d95f807c] Sesión de DB de tarea cerrada.
2025-11-06 11:38:26,280 - app.routers.trazabilidad_router - INFO - Tarea d271f90a-0c90-4cb1-b4bf-ee9ad789e519 iniciada por aascanio@netpag.cl.
2025-11-06 11:38:26,283 - app.routers.trazabilidad_router - INFO - [Task d271f90a-0c90-4cb1-b4bf-ee9ad789e519] Iniciando consulta TRAF para aascanio@netpag.cl...
2025-11-06 11:38:26,466 - app.db_traf_operations - INFO - Ejecutando consulta en la vista TRAF: SELECT "PERIODO", "SEMANA", "CLIENTE", "CAMPANA", "RUT", "USUARIO", "TELEFONO", "FECHA", "HORA", "RESP_TELEFONIA", "CATEGORIA", "SUBCATEGORIA", "SUBCATEGORIA1", "TIPO_DISCADOR", "DURACION", "GRABACION", "FECHAHORA", "TIPIFICACION", "VALOR_UNITARIO", "VALOR_MINUTAJE", "RUTDV", "OrigenTabla" 
FROM dbo."vw_TrafDiscador" 
WHERE (
        CASE
            -- Si ya es tipo DATE, usarlo directamente
            WHEN SQL_VARIANT_PROPERTY([FECHA], 'BaseType') = 'date' 
                THEN CAST([FECHA] AS DATE)
            
            -- Formato YYYYMMDD (8 dígitos)
            WHEN LEN(REPLACE(REPLACE([FECHA], ';', ''), ' ', '')) = 8 
                AND ISDATE(LEFT(REPLACE(REPLACE([FECHA], ';', ''), ' ', ''), 8)) = 1
                THEN CONVERT(DATE, LEFT(REPLACE(REPLACE([FECHA], ';', ''), ' ', ''), 8), 112)
            
            -- Formato DD/MM/YYYY (103)
            WHEN CHARINDEX('/', [FECHA]) > 0 
                AND ISDATE(LEFT(REPLACE([FECHA], ';', ''), 10)) = 1
                THEN CONVERT(DATE, LEFT(REPLACE([FECHA], ';', ''), 10), 103)
            
            -- Formato DD-MM-YYYY (105)
            WHEN CHARINDEX('-', [FECHA]) > 0 
                AND SUBSTRING([FECHA], 3, 1) = '-'
                AND ISDATE(LEFT([FECHA], 10)) = 1
                THEN CONVERT(DATE, LEFT([FECHA], 10), 105)
            
            -- Formato ISO YYYY-MM-DD (120 o 126)
            WHEN CHARINDEX('-', [FECHA]) > 0 
                AND SUBSTRING([FECHA], 5, 1) = '-'
                AND ISDATE([FECHA]) = 1
                THEN CONVERT(DATE, [FECHA], 120)
            
            -- Intento genérico con CONVERT
            WHEN ISDATE([FECHA]) = 1
                THEN CONVERT(DATE, [FECHA])
            
            ELSE NULL
        END
    ) >= :desde_param_fecha AND (
        CASE
            -- Si ya es tipo DATE, usarlo directamente
            WHEN SQL_VARIANT_PROPERTY([FECHA], 'BaseType') = 'date' 
                THEN CAST([FECHA] AS DATE)
            
            -- Formato YYYYMMDD (8 dígitos)
            WHEN LEN(REPLACE(REPLACE([FECHA], ';', ''), ' ', '')) = 8 
                AND ISDATE(LEFT(REPLACE(REPLACE([FECHA], ';', ''), ' ', ''), 8)) = 1
                THEN CONVERT(DATE, LEFT(REPLACE(REPLACE([FECHA], ';', ''), ' ', ''), 8), 112)
            
            -- Formato DD/MM/YYYY (103)
            WHEN CHARINDEX('/', [FECHA]) > 0 
                AND ISDATE(LEFT(REPLACE([FECHA], ';', ''), 10)) = 1
                THEN CONVERT(DATE, LEFT(REPLACE([FECHA], ';', ''), 10), 103)
            
            -- Formato DD-MM-YYYY (105)
            WHEN CHARINDEX('-', [FECHA]) > 0 
                AND SUBSTRING([FECHA], 3, 1) = '-'
                AND ISDATE(LEFT([FECHA], 10)) = 1
                THEN CONVERT(DATE, LEFT([FECHA], 10), 105)
            
            -- Formato ISO YYYY-MM-DD (120 o 126)
            WHEN CHARINDEX('-', [FECHA]) > 0 
                AND SUBSTRING([FECHA], 5, 1) = '-'
                AND ISDATE([FECHA]) = 1
                THEN CONVERT(DATE, [FECHA], 120)
            
            -- Intento genérico con CONVERT
            WHEN ISDATE([FECHA]) = 1
                THEN CONVERT(DATE, [FECHA])
            
            ELSE NULL
        END
    ) <= :hasta_param_fecha ORDER BY dbo."vw_TrafDiscador"."PERIODO" con parámetros: {'desde_param_fecha': '2025-11-03', 'hasta_param_fecha': '2025-11-04'}
2025-11-06 11:38:34,574 - app.routers.trazabilidad_router - INFO - Cancelación solicitada para la tarea d271f90a-0c90-4cb1-b4bf-ee9ad789e519 por aascanio@netpag.cl.
2025-11-06 11:38:45,963 - app.routers.trazabilidad_router - INFO - Tarea b3bd28ed-e071-4146-8377-5d54645f55c6 iniciada por aascanio@netpag.cl.
2025-11-06 11:38:45,965 - app.routers.trazabilidad_router - INFO - [Task b3bd28ed-e071-4146-8377-5d54645f55c6] Iniciando consulta TRAF para aascanio@netpag.cl...
2025-11-06 11:38:46,174 - app.db_traf_operations - INFO - Ejecutando consulta en la vista TRAF: SELECT "PERIODO", "SEMANA", "CLIENTE", "CAMPANA", "RUT", "USUARIO", "TELEFONO", "FECHA", "HORA", "RESP_TELEFONIA", "CATEGORIA", "SUBCATEGORIA", "SUBCATEGORIA1", "TIPO_DISCADOR", "DURACION", "GRABACION", "FECHAHORA", "TIPIFICACION", "VALOR_UNITARIO", "VALOR_MINUTAJE", "RUTDV", "OrigenTabla" 
FROM dbo."vw_TrafDiscador" 
WHERE (
        CASE
            -- Si ya es tipo DATE, usarlo directamente
            WHEN SQL_VARIANT_PROPERTY([FECHA], 'BaseType') = 'date' 
                THEN CAST([FECHA] AS DATE)
            
            -- Formato YYYYMMDD (8 dígitos)
            WHEN LEN(REPLACE(REPLACE([FECHA], ';', ''), ' ', '')) = 8 
                AND ISDATE(LEFT(REPLACE(REPLACE([FECHA], ';', ''), ' ', ''), 8)) = 1
                THEN CONVERT(DATE, LEFT(REPLACE(REPLACE([FECHA], ';', ''), ' ', ''), 8), 112)
            
            -- Formato DD/MM/YYYY (103)
            WHEN CHARINDEX('/', [FECHA]) > 0 
                AND ISDATE(LEFT(REPLACE([FECHA], ';', ''), 10)) = 1
                THEN CONVERT(DATE, LEFT(REPLACE([FECHA], ';', ''), 10), 103)
            
            -- Formato DD-MM-YYYY (105)
            WHEN CHARINDEX('-', [FECHA]) > 0 
                AND SUBSTRING([FECHA], 3, 1) = '-'
                AND ISDATE(LEFT([FECHA], 10)) = 1
                THEN CONVERT(DATE, LEFT([FECHA], 10), 105)
            
            -- Formato ISO YYYY-MM-DD (120 o 126)
            WHEN CHARINDEX('-', [FECHA]) > 0 
                AND SUBSTRING([FECHA], 5, 1) = '-'
                AND ISDATE([FECHA]) = 1
                THEN CONVERT(DATE, [FECHA], 120)
            
            -- Intento genérico con CONVERT
            WHEN ISDATE([FECHA]) = 1
                THEN CONVERT(DATE, [FECHA])
            
            ELSE NULL
        END
    ) >= :desde_param_fecha AND (
        CASE
            -- Si ya es tipo DATE, usarlo directamente
            WHEN SQL_VARIANT_PROPERTY([FECHA], 'BaseType') = 'date' 
                THEN CAST([FECHA] AS DATE)
            
            -- Formato YYYYMMDD (8 dígitos)
            WHEN LEN(REPLACE(REPLACE([FECHA], ';', ''), ' ', '')) = 8 
                AND ISDATE(LEFT(REPLACE(REPLACE([FECHA], ';', ''), ' ', ''), 8)) = 1
                THEN CONVERT(DATE, LEFT(REPLACE(REPLACE([FECHA], ';', ''), ' ', ''), 8), 112)
            
            -- Formato DD/MM/YYYY (103)
            WHEN CHARINDEX('/', [FECHA]) > 0 
                AND ISDATE(LEFT(REPLACE([FECHA], ';', ''), 10)) = 1
                THEN CONVERT(DATE, LEFT(REPLACE([FECHA], ';', ''), 10), 103)
            
            -- Formato DD-MM-YYYY (105)
            WHEN CHARINDEX('-', [FECHA]) > 0 
                AND SUBSTRING([FECHA], 3, 1) = '-'
                AND ISDATE(LEFT([FECHA], 10)) = 1
                THEN CONVERT(DATE, LEFT([FECHA], 10), 105)
            
            -- Formato ISO YYYY-MM-DD (120 o 126)
            WHEN CHARINDEX('-', [FECHA]) > 0 
                AND SUBSTRING([FECHA], 5, 1) = '-'
                AND ISDATE([FECHA]) = 1
                THEN CONVERT(DATE, [FECHA], 120)
            
            -- Intento genérico con CONVERT
            WHEN ISDATE([FECHA]) = 1
                THEN CONVERT(DATE, [FECHA])
            
            ELSE NULL
        END
    ) <= :hasta_param_fecha AND lower(CAST("CATEGORIA" AS VARCHAR(255))) LIKE :param_categoria ORDER BY dbo."vw_TrafDiscador"."PERIODO" con parámetros: {'desde_param_fecha': '2025-11-03', 'hasta_param_fecha': '2025-11-04', 'param_categoria': '%asdasdsdsd%'}
2025-11-06 11:39:05,088 - app.routers.trazabilidad_router - INFO - Cancelación solicitada para la tarea b3bd28ed-e071-4146-8377-5d54645f55c6 por aascanio@netpag.cl.
2025-11-06 11:39:25,862 - app.routers.trazabilidad_router - INFO - [Task b3bd28ed-e071-4146-8377-5d54645f55c6] Tarea cancelada. Descartando resultados.
2025-11-06 11:39:25,865 - app.routers.trazabilidad_router - INFO - [Task b3bd28ed-e071-4146-8377-5d54645f55c6] Sesión de DB de tarea cerrada.
2025-11-06 11:39:55,568 - app.routers.trazabilidad_router - INFO - [Task d271f90a-0c90-4cb1-b4bf-ee9ad789e519] Tarea cancelada. Descartando resultados.
2025-11-06 11:39:55,570 - app.routers.trazabilidad_router - INFO - [Task d271f90a-0c90-4cb1-b4bf-ee9ad789e519] Sesión de DB de tarea cerrada.
